TIME,OPEN,HIGH,LOW,CLOSE,VOLUME
2-Jan-09,16,15,15,15,500
5-Jan-09,15,14,14,14,500
6-Jan-09,14,13,13,13,2000
9-Jan-09,13,13.9,12,12.16,28000
12-Jan-09,12.16,12.5,11.16,11.69,11500
13-Jan-09,11.69,10.7,10.7,10.7,2000
14-Jan-09,10.7,10,9.7,9.77,14500
15-Jan-09,9.77,9,8.77,8.77,3000
16-Jan-09,8.77,8.21,8.2,8.21,3000
19-Jan-09,8.21,8.5,8.2,8.37,20000
20-Jan-09,8.37,8.4,8.37,8.4,2000
21-Jan-09,8.4,8.51,8,8.07,12000
22-Jan-09,8.07,7.99,7.07,7.1,5000
23-Jan-09,7.1,7,6.15,7,1000
26-Jan-09,7,8,7,8,10500
27-Jan-09,8,9,7.25,8.96,26500
28-Jan-09,8.96,9.9,9,9.64,19000
29-Jan-09,9.64,10.64,8.67,9.75,83000
30-Jan-09,9.75,10.75,9.5,10.75,242000
2-Feb-09,10.75,11.75,10.5,11.69,22500
3-Feb-09,11.69,12.69,11.25,12.66,140000
4-Feb-09,12.66,13.66,12.75,13.64,2086500
6-Feb-09,13.64,14.49,13.6,13.92,8000
9-Feb-09,13.92,14.03,14,14,59500
10-Feb-09,14,14.99,13.11,14,69000
11-Feb-09,14,14.02,14,14,25500
12-Feb-09,14,14.05,14,14,23000
13-Feb-09,14,14.1,14,14.02,4000
16-Feb-09,14.02,15.02,14.5,15.02,13000
17-Feb-09,15.02,16.02,15,16.02,16500
18-Feb-09,16.02,17.02,16,16.46,21000
19-Feb-09,16.46,17,16,16.5,4500
20-Feb-09,16.5,17,16,16.48,16000
23-Feb-09,16.48,16.49,15.6,16.19,14500
24-Feb-09,16.19,16.45,16.19,16.19,4500
25-Feb-09,16.19,17,15.75,16.24,10000
26-Feb-09,16.24,16.5,15.25,16.27,10500
27-Feb-09,16.27,15.99,15.28,15.64,1000
2-Mar-09,15.64,14.65,14.64,14.64,2500
3-Mar-09,14.64,14,13.64,14,5500
4-Mar-09,14,15,14,14.51,5000
5-Mar-09,14.51,15.4,14.51,15.24,3000
6-Mar-09,15.24,15.25,14.24,15.13,10500
9-Mar-09,15.13,15.19,14.16,14.5,1500
11-Mar-09,14.5,15.07,14.01,14.54,1000
12-Mar-09,14.54,14.1,13.55,13.77,933000
13-Mar-09,13.77,14.77,14.05,14.25,3761000
16-Mar-09,14.25,15.25,15,15,8500
17-Mar-09,15,16,14.05,16,33000
18-Mar-09,16,17,16.25,17,17500
19-Mar-09,17,18,18,18,9500
20-Mar-09,18,19,18.25,18.74,13500
24-Mar-09,18.74,19.74,19.5,19.74,7000
25-Mar-09,19.74,20.74,20.74,20.74,5500
26-Mar-09,20.74,21.77,21.76,21.77,10500
27-Mar-09,21.77,22.85,22.85,22.85,4000
30-Mar-09,22.85,23.99,23.99,23.99,21000
31-Mar-09,23.99,25.18,24,24.46,49000
1-Apr-09,24.46,25.68,23.27,24,16500
2-Apr-09,24,23.4,22.8,22.93,14000
3-Apr-09,22.93,23.37,21.79,21.79,8000
6-Apr-09,21.79,21.9,20.71,20.95,8000
7-Apr-09,20.95,21.5,19.91,21.44,23500
8-Apr-09,21.44,20.45,20.37,20.37,2500
9-Apr-09,20.37,21.38,19.36,20.49,9000
10-Apr-09,20.49,21.51,19.5,20.96,22000
13-Apr-09,20.96,22,20,21.89,33000
14-Apr-09,21.89,21,20.8,20.83,6000
15-Apr-09,20.83,21,19.79,19.8,2500
16-Apr-09,19.8,19.1,18.8,18.87,5500
17-Apr-09,18.87,19,17.87,19,1500
20-Apr-09,19,19,19,19,1000
21-Apr-09,19,19,18,18,2500
22-Apr-09,18,19,17,18.33,1500
23-Apr-09,18.33,18.15,18.15,18.15,0
27-Apr-09,18.15,17.2,17.2,17.2,500
29-Apr-09,17.2,16.5,16.21,16.21,2000
30-Apr-09,16.21,17.2,15.21,15.21,167500
5-May-09,15.21,16,15.95,15.95,500
6-May-09,15.95,15.5,15.5,15.5,500
7-May-09,15.5,15.5,15.3,15.5,1000
12-May-09,15.5,16,14.5,15.7,2000
13-May-09,15.7,15.2,14.71,14.93,3000
14-May-09,14.93,15.34,15.3,15.3,500
15-May-09,15.3,14.31,14.31,14.31,500
18-May-09,14.31,14.31,14.31,14.31,500
19-May-09,14.31,15.31,14.5,15,3500
21-May-09,15,14.9,14.05,14.48,1500
22-May-09,14.48,15,14.11,14.96,3500
25-May-09,14.96,15.96,15,15.01,2500
26-May-09,15.01,16.01,14.61,15.6,8000
27-May-09,15.6,15.2,14.6,15.2,3000
28-May-09,15.2,15,15,15,500
29-May-09,15,14.65,14.45,14.45,2000
1-Jun-09,14.45,14.45,13.55,14,2500
2-Jun-09,14,14,13.5,14,3000
3-Jun-09,14,13.62,13.62,13.62,500
4-Jun-09,13.62,14.44,13.6,14.44,1000
9-Jun-09,14.44,14.2,13.51,14.2,3000
10-Jun-09,14.2,14.2,14.2,14.2,500
11-Jun-09,14.2,14.25,13.59,14.25,1500
12-Jun-09,14.25,15.25,14.25,14.83,1500
15-Jun-09,14.83,15.5,14.51,15.15,2500
16-Jun-09,15.15,14.34,14.16,14.16,2000
17-Jun-09,14.16,14.69,14.65,14.67,1000
22-Jun-09,14.67,14.64,13.7,14.64,2000
23-Jun-09,14.64,15.64,14.48,15.52,25000
24-Jun-09,15.52,16.52,15.13,16.39,4500
25-Jun-09,16.39,17.39,15.75,17.39,5500
26-Jun-09,17.39,18.39,17,18.19,10000
29-Jun-09,18.19,19.19,19.18,19.19,5000
30-Jun-09,19.19,20.19,18.3,19.87,75000
1-Jul-09,19.87,19.4,19.3,19.4,1500
2-Jul-09,19.4,19,18.9,18.93,1500
3-Jul-09,18.93,18.49,18,18.08,3000
6-Jul-09,18.08,17.21,17.21,17.21,500
7-Jul-09,17.21,17.11,16.55,16.58,2500
8-Jul-09,16.58,17.58,16.5,16.57,7500
9-Jul-09,16.57,16.15,16.1,16.12,2000
13-Jul-09,16.12,16.15,16.15,16.15,500
14-Jul-09,16.15,16.25,16.1,16.1,1500
15-Jul-09,16.1,16.98,16.12,16.12,8000
16-Jul-09,16.12,15.8,15.25,15.25,12000
20-Jul-09,15.25,15.65,15.3,15.3,1500
21-Jul-09,15.3,16.29,15.1,15.97,15291
22-Jul-09,15.97,16.97,15.91,16.95,4505
23-Jul-09,16.95,17.95,17.01,17.95,9005
24-Jul-09,17.95,18.5,18.5,18.5,1
27-Jul-09,18.5,18.84,17.5,17.99,1405
28-Jul-09,17.99,18.45,17.2,18,1002
29-Jul-09,18,17.85,17,17.01,3501
30-Jul-09,17.01,17.95,16.26,17.57,3502
31-Jul-09,17.57,17.8,17,17.8,1800
3-Aug-09,17.8,17.48,16.8,16.82,1273
4-Aug-09,16.82,17.69,16.3,16.99,2433
5-Aug-09,16.99,16.99,16.53,16.97,13541
6-Aug-09,16.97,17.88,16.51,17.05,2301
7-Aug-09,17.05,17.9,16.6,17.28,11603
10-Aug-09,17.28,17.95,16.57,17.35,1004
11-Aug-09,17.35,17.88,16.81,17.63,19592
12-Aug-09,17.63,18.63,16.8,16.89,11201
13-Aug-09,16.89,17.75,16.51,16.58,9001
17-Aug-09,16.58,16.6,16.6,16.6,101
18-Aug-09,16.6,16.9,16,16.16,9197
19-Aug-09,16.16,16.38,15.16,15.52,3101
20-Aug-09,15.52,15.96,15,15.96,3820
21-Aug-09,15.96,16,15.55,15.99,611
24-Aug-09,15.99,16.34,15.03,16.29,1001
25-Aug-09,16.29,16.24,16.24,16.24,8
26-Aug-09,16.24,16,15.36,16,1001
27-Aug-09,16,15.6,15.01,15.52,2002
28-Aug-09,15.52,15.85,15.12,15.66,11336
31-Aug-09,15.66,15.5,15.1,15.18,621
1-Sep-09,15.18,15.02,14.9,14.9,991
2-Sep-09,14.9,15.49,15.49,15.49,501
3-Sep-09,15.49,15.49,15.49,15.49,1
4-Sep-09,15.49,15.23,15.23,15.23,5
7-Sep-09,15.23,15,14.65,15,503
8-Sep-09,15,14.65,14.6,14.6,2401
9-Sep-09,14.6,15.5,14.85,14.85,1001
10-Sep-09,14.85,15.49,14.92,15.15,2007
11-Sep-09,15.15,15.48,14.9,14.91,1102
14-Sep-09,14.91,15.91,15.3,15.87,58702
15-Sep-09,15.87,16.87,15.81,16.74,12551
16-Sep-09,16.74,17.74,17,17.68,20219
17-Sep-09,17.68,18.4,17,17.26,5005
18-Sep-09,17.26,18.26,16.52,18.15,8907
24-Sep-09,18.15,19.15,18.04,18.62,6600
25-Sep-09,18.62,19.62,17.62,19.2,29590
28-Sep-09,19.2,20.2,18.5,19.95,25772
29-Sep-09,19.95,20.9,19.26,20.61,15895
30-Sep-09,20.61,21.64,19.58,21.45,83487
1-Oct-09,21.45,21,20.38,20.46,9461
2-Oct-09,20.46,20,19.44,19.9,5511
5-Oct-09,19.9,20.4,19.2,19.2,1666
6-Oct-09,19.2,19.7,18.6,19.65,7918
7-Oct-09,19.65,20,19.5,19.96,20841
8-Oct-09,19.96,19.06,18.97,19,3500
9-Oct-09,19,19.7,18.6,19.35,7103
12-Oct-09,19.35,18.71,18.6,18.71,1000
14-Oct-09,18.71,18.2,17.71,18.2,2200
15-Oct-09,18.2,18.6,18,18.4,4510
16-Oct-09,18.4,17.41,17.4,17.4,500
19-Oct-09,17.4,17.4,17.4,17.4,310
20-Oct-09,17.4,18.1,17.4,17.78,2000
21-Oct-09,17.78,18,17.55,17.87,4500
22-Oct-09,17.87,17.02,16.88,17.01,1200
23-Oct-09,17.01,16.55,16.5,16.52,1200
26-Oct-09,16.52,16.52,16.52,16.52,500
27-Oct-09,16.52,16.4,15.65,15.86,4107
28-Oct-09,15.86,16.25,15.6,15.65,5000
29-Oct-09,15.65,15.75,15.01,15.75,1501
30-Oct-09,15.75,15.75,15.4,15.4,2074
2-Nov-09,15.4,16.4,15.5,16.2,11436
3-Nov-09,16.2,17.2,16.41,17.2,3554
4-Nov-09,17.2,18.2,18,18.2,3450
5-Nov-09,18.2,19.2,19.15,19.2,5856
6-Nov-09,19.2,20.2,18.2,19.96,36250
10-Nov-09,19.96,20.65,18.96,20.27,20781
11-Nov-09,20.27,19.97,19.26,19.58,5322
12-Nov-09,19.58,20.45,19.05,19.6,2437
13-Nov-09,19.6,20.25,18.65,18.75,1610
16-Nov-09,18.75,19.75,18,19.75,1017841
17-Nov-09,19.75,20.65,19.5,20.65,1097171
18-Nov-09,20.65,20.99,19.65,20,739281
19-Nov-09,20,20.5,19.57,19.9,638802
20-Nov-09,19.9,20,19.01,20,412501
23-Nov-09,20,20.5,19.05,20.37,707002
24-Nov-09,20.37,21.35,19.55,19.55,701025
25-Nov-09,19.55,20,19.5,20,400250
26-Nov-09,20,20.25,19.95,20.05,901000
1-Dec-09,20.05,20.75,19.11,20.25,402519
2-Dec-09,20.25,20.98,19.63,20,526750
3-Dec-09,20,20.79,19.65,20.35,101530
4-Dec-09,20.35,20.98,19.55,20,713301
7-Dec-09,20,20.5,19.5,19.96,407000
8-Dec-09,19.96,20.4,19.4,20.01,959201
9-Dec-09,20.01,20,19.9,20,1002705
10-Dec-09,20,20,19.9,19.98,1010701
11-Dec-09,19.98,20,20,20,700000
14-Dec-09,20,20,20,20,200000
15-Dec-09,20,20,19.9,19.9,1850
16-Dec-09,19.9,20.15,19.31,19.94,1504
17-Dec-09,19.94,20.25,18.94,19.9,5808
18-Dec-09,19.9,20.1,19.3,19.91,11600
21-Dec-09,19.91,20,19.11,19.84,4302
22-Dec-09,19.84,19.85,19.5,19.85,302
23-Dec-09,19.85,20,19.26,19.95,100600
24-Dec-09,19.95,20.1,19.34,19.9,1103
29-Dec-09,19.9,20,19.26,19.63,2
30-Dec-09,19.63,20.2,19.5,20.02,3902
31-Dec-09,20.02,21.02,20.1,20.96,31809
4-Jan-10,20.96,21.5,20.51,20.99,7415
5-Jan-10,20.99,20.7,20,20.03,211330
6-Jan-10,20.03,19.99,19.5,19.99,700
7-Jan-10,19.99,20.65,19.22,20.2,2004
8-Jan-10,20.2,20.18,19.98,19.98,602
11-Jan-10,19.98,20,19.3,19.8,300024
12-Jan-10,19.8,20,20,20,100
13-Jan-10,20,20,19.26,20,12502
14-Jan-10,20,20.25,19.56,20,2700
15-Jan-10,20,20,19.6,19.6,2100
18-Jan-10,19.6,20.4,19.03,19.78,11400
19-Jan-10,19.78,20,19.4,20,1600
20-Jan-10,20,19.97,19.3,19.6,9700
21-Jan-10,19.6,20,19.03,19.47,201006
22-Jan-10,19.47,19.5,18.76,19.25,1504
25-Jan-10,19.25,19.75,19.05,19.2,510
26-Jan-10,19.2,19.49,19,19.08,702
27-Jan-10,19.08,19.9,18.65,19.4,1549
29-Jan-10,19.4,20.39,18.4,20.12,49552
1-Feb-10,20.12,20.9,19.36,20.23,1800
2-Feb-10,20.23,20.19,19.46,20.19,250
3-Feb-10,20.19,20,19.21,19.98,101212
4-Feb-10,19.98,20.75,19.8,20.26,311250
8-Feb-10,20.26,20.37,19.82,20.12,134600
9-Feb-10,20.12,20,19.8,19.8,100000
10-Feb-10,19.8,20.75,18.8,19.86,14491
11-Feb-10,19.86,20.49,19.51,20.07,13811
12-Feb-10,20.07,20.98,19.82,20.5,11521
15-Feb-10,20.5,21.52,19.48,21,12351
16-Feb-10,21,21.3,20.11,20.99,2435
17-Feb-10,20.99,21.81,20.35,20.63,42503
18-Feb-10,20.63,20.85,19.7,20.05,6898
19-Feb-10,20.05,20.45,20,20,4301
22-Feb-10,20,20.45,19.5,20.06,204851
23-Feb-10,20.06,20.05,19.5,19.98,4499
24-Feb-10,19.98,20.29,19.25,20.02,172900
25-Feb-10,20.02,19.99,19.2,19.54,160002
26-Feb-10,19.54,19.18,19.18,19.18,100
1-Mar-10,19.18,19.8,19.2,19.2,300
2-Mar-10,19.2,19.38,18.3,19,1001500
3-Mar-10,19,19,18.02,18.9,1002001
4-Mar-10,18.9,19.9,18.12,19.9,13750
5-Mar-10,19.9,20.2,19,19.94,2791
8-Mar-10,19.94,20,19.27,19.99,1102
9-Mar-10,19.99,19.75,19.75,19.75,530994
10-Mar-10,19.75,20.25,19.2,20,3500
11-Mar-10,20,19.7,19.26,19.7,401001
12-Mar-10,19.7,19.8,19.5,19.6,400208
15-Mar-10,19.6,19.85,19.25,19.25,401001
16-Mar-10,19.25,19.5,19,19,800729
17-Mar-10,19,19.84,18.51,19,700508
18-Mar-10,19,19.7,19,19,800560
19-Mar-10,19,19.5,18.2,18.35,703146
22-Mar-10,18.35,18.86,18.06,18.6,3306
24-Mar-10,18.6,18.94,18.2,18.2,501
25-Mar-10,18.2,18.21,18.2,18.21,1000
26-Mar-10,18.21,18.2,18.2,18.2,1000
29-Mar-10,18.2,18.1,17.5,17.55,2014
30-Mar-10,17.55,18.55,17,18.52,67482
31-Mar-10,18.52,19.5,18,19.5,48132
1-Apr-10,19.5,19.15,18.65,18.65,1500
2-Apr-10,18.65,19,18.55,19,2501
5-Apr-10,19,18.97,18.3,18.97,2001
6-Apr-10,18.97,18.89,18.89,18.89,1
7-Apr-10,18.89,18.7,17.9,18.47,1200
8-Apr-10,18.47,18.94,18.9,18.9,101
9-Apr-10,18.9,18.8,18,18.8,2401
12-Apr-10,18.8,18.3,18.01,18.01,801
13-Apr-10,18.01,18,18,18,500
14-Apr-10,18,18,17.52,17.76,1700
15-Apr-10,17.76,17.8,17.5,17.71,500
16-Apr-10,17.71,17.71,17.65,17.71,1109
19-Apr-10,17.71,18,17.15,18,1124
26-Apr-10,18,17.5,17.01,17.11,1001
27-Apr-10,17.11,17.14,16.72,17.14,2501
28-Apr-10,17.14,17.89,16.7,17.15,911
29-Apr-10,17.15,16.27,16.16,16.27,5
30-Apr-10,16.27,17.2,15.27,17.09,20
3-May-10,17.09,16.7,16.7,16.7,0
4-May-10,16.7,17.42,15.8,17.19,1027
5-May-10,17.19,17.65,16.19,17.59,564
6-May-10,17.59,17.39,16.7,17,283
7-May-10,17,17.35,16.52,17.34,18
10-May-10,17.34,17.95,17.55,17.55,6
11-May-10,17.55,16.65,16.65,16.65,2085
12-May-10,16.65,16.9,15.65,15.7,501
13-May-10,15.7,16.5,15.7,15.7,101
14-May-10,15.7,14.99,14.7,14.71,901
17-May-10,14.71,15.7,14.01,15.59,2912
18-May-10,15.59,16.59,15.77,16.59,2922
19-May-10,16.59,17.5,16.95,17.44,22983
20-May-10,17.44,17.7,16.52,17.33,3012
21-May-10,17.33,18.3,16.52,18.3,4294
24-May-10,18.3,19.19,17.3,18.55,22260
25-May-10,18.55,17.55,17.55,17.55,2
26-May-10,17.55,17.48,16.55,16.91,3503
27-May-10,16.91,17.49,15.91,17.41,166614
28-May-10,17.41,18.19,16.82,17.95,2522001
31-May-10,17.95,18,17.01,18,1000002
1-Jun-10,18,17.5,17,17,3099
2-Jun-10,17,17.99,17,17.99,10952
3-Jun-10,17.99,18.55,17,18.5,7400
4-Jun-10,18.5,18.3,17.65,18.3,525
7-Jun-10,18.3,19.19,17.4,19.16,32351
8-Jun-10,19.16,18.95,18.16,18.93,16100
9-Jun-10,18.93,19.55,18.15,19.55,10231
10-Jun-10,19.55,19.18,18.55,19.04,8180
11-Jun-10,19.04,19.44,18.16,19.19,2509
14-Jun-10,19.19,19.7,18.2,19.3,4397
15-Jun-10,19.3,19.45,18.3,19.23,11452
16-Jun-10,19.23,20.2,18.33,19.94,9652
17-Jun-10,19.94,19.75,19.11,19.65,608
18-Jun-10,19.65,19.4,19.4,19.4,3
21-Jun-10,19.4,19.4,19.4,19.4,500
22-Jun-10,19.4,19.7,18.61,18.71,1493
23-Jun-10,18.71,18.9,17.75,18.67,6320
24-Jun-10,18.67,19.67,18.95,19.61,25604
25-Jun-10,19.61,20.6,18.61,19.65,11509
28-Jun-10,19.65,19.98,18.65,19.86,20649
29-Jun-10,19.86,20.03,18.86,20.02,46514
30-Jun-10,20.02,20.97,19.1,20.88,30135
1-Jul-10,20.88,20.79,19.85,20.62,13104
2-Jul-10,20.62,20,20,20,1100
5-Jul-10,20,20.46,19.01,20.18,3550
6-Jul-10,20.18,19.98,19.34,19.86,2503
7-Jul-10,19.86,19.86,19.86,19.86,2
8-Jul-10,19.86,20,19.79,19.79,351
9-Jul-10,19.79,19.65,19.05,19.05,1811
12-Jul-10,19.05,19.8,18.25,18.27,91
13-Jul-10,18.27,19.27,18.26,19.24,2159
14-Jul-10,19.24,20.18,19.5,20.1,19910
15-Jul-10,20.1,20.78,19.3,20.57,12501
16-Jul-10,20.57,20.9,20,20.2,601
19-Jul-10,20.2,20.4,19.95,20.4,1301
20-Jul-10,20.4,20.2,19.4,20.19,1711
21-Jul-10,20.19,20.35,19.2,19.95,1505
22-Jul-10,19.95,20.39,19.35,20.26,18060
23-Jul-10,20.26,20.39,19.51,20.36,5001
26-Jul-10,20.36,20.45,19.35,20.12,9121
27-Jul-10,20.12,20.6,19.4,20.33,8423
28-Jul-10,20.33,20.2,20.2,20.2,0
29-Jul-10,20.2,20.4,19.22,20.24,2700
30-Jul-10,20.24,20.63,19.23,20.48,22400
2-Aug-10,20.48,20.39,19.48,20.25,16050
3-Aug-10,20.25,20.2,20.2,20.2,0
4-Aug-10,20.2,19.5,19.5,19.5,10
5-Aug-10,19.5,20.3,18.6,20.1,16918
6-Aug-10,20.1,20.38,19.35,20.35,13423
9-Aug-10,20.35,20.25,19.34,20.23,11054
10-Aug-10,20.23,21.24,20,21.22,11833
11-Aug-10,21.22,20.99,20.18,20.95,3053
12-Aug-10,20.95,20.5,20,20.5,120
13-Aug-10,20.5,21,19.98,20.56,2054
16-Aug-10,20.56,20.5,19.8,20.47,716
17-Aug-10,20.47,20.5,20.45,20.45,605
18-Aug-10,20.45,20.45,20.45,20.45,60
19-Aug-10,20.45,20.4,19.51,19.63,501
23-Aug-10,19.63,19.5,18.63,18.74,3000
24-Aug-10,18.74,19.74,17.74,19.28,3957
25-Aug-10,19.28,20.28,19.49,19.98,2054
26-Aug-10,19.98,20.98,19.5,20.81,301966
27-Aug-10,20.81,21.8,19.81,21.44,2551
30-Aug-10,21.44,20.99,20.5,20.99,2244
31-Aug-10,20.99,21.5,19.95,20.08,2578
1-Sep-10,20.08,20.89,19.08,19.78,7610
2-Sep-10,19.78,20.73,19.99,20.71,12210
3-Sep-10,20.71,21.74,20.02,20.65,1599
6-Sep-10,20.65,20.98,20,20.02,211492
7-Sep-10,20.02,20.5,19.8,20,60778
8-Sep-10,20,20.5,19.15,20,152595
9-Sep-10,20,20.98,19.5,20.29,100163
14-Sep-10,20.29,20.5,19.3,20.2,515
15-Sep-10,20.2,20.15,20.1,20.13,802
16-Sep-10,20.13,21,19.25,19.25,200012
17-Sep-10,19.25,19.8,19.65,19.65,3071
20-Sep-10,19.65,19.99,19,19,400015
21-Sep-10,19,20,19,20,422151
22-Sep-10,20,20.5,19.26,19.75,330
23-Sep-10,19.75,19.16,19.16,19.16,1
24-Sep-10,19.16,20,19.9,19.99,1001
27-Sep-10,19.99,19.8,19,19.67,1601
28-Sep-10,19.67,19.7,19,19.49,5916789
29-Sep-10,19.49,19.69,19.5,19.67,3001
30-Sep-10,19.67,19.78,18.8,19.78,8700
1-Oct-10,19.78,19.85,19.11,19.27,2001610
4-Oct-10,19.27,19.8,19.01,19.66,637
5-Oct-10,19.66,19.5,19.5,19.5,0
6-Oct-10,19.5,19.6,19.05,19.6,12
7-Oct-10,19.6,19.8,19,19.01,501
8-Oct-10,19.01,19.97,18.6,19.75,3
11-Oct-10,19.75,19.69,18.8,19.69,4500
12-Oct-10,19.69,19.48,18.69,18.78,2054
13-Oct-10,18.78,19.3,18,19.29,6003
14-Oct-10,19.29,20.29,18.3,20.27,25921
15-Oct-10,20.27,21.27,19.4,21.22,5303
18-Oct-10,21.22,20.8,20.8,20.8,0
19-Oct-10,20.8,20.5,20.5,20.5,0
20-Oct-10,20.5,21.52,19.48,21.41,12900
21-Oct-10,21.41,21.98,20.34,21.79,10501
22-Oct-10,21.79,22.24,21,22.1,5924
25-Oct-10,22.1,22,21.85,21.85,50
26-Oct-10,21.85,20.82,20.8,20.8,553
27-Oct-10,20.8,20,19.9,19.94,500
28-Oct-10,19.94,20,19.02,19.5,1494
29-Oct-10,19.5,19.5,19.5,19.5,500
1-Nov-10,19.5,20.3,20.2,20.2,51
2-Nov-10,20.2,20.19,20,20.1,2
3-Nov-10,20.1,19.9,19.12,19.9,2
4-Nov-10,19.9,19.8,19,19.8,600
5-Nov-10,19.8,20.3,19.06,20.28,10136
8-Nov-10,20.28,20.19,19.6,19.62,1501
10-Nov-10,19.62,20.2,19.1,20.2,501
12-Nov-10,20.2,20,20,20,10
15-Nov-10,20,19.74,19.1,19.73,1110
16-Nov-10,19.73,20.44,18.82,20.37,11201
22-Nov-10,20.37,20,19.45,20,1001
23-Nov-10,20,19.99,19.99,19.99,0
24-Nov-10,19.99,19.9,19.25,19.9,3001
25-Nov-10,19.9,19.88,19.88,19.88,0
26-Nov-10,19.88,19.8,19.8,19.8,1
29-Nov-10,19.8,19.79,18.8,18.88,103
30-Nov-10,18.88,19.7,18.1,19.7,499
1-Dec-10,19.7,19.5,19.5,19.5,0
2-Dec-10,19.5,18.5,18.5,18.5,500
3-Dec-10,18.5,19.4,19.4,19.4,1
6-Dec-10,19.4,20.2,18.4,20.17,10882
7-Dec-10,20.17,19.2,19.17,19.17,1199
9-Dec-10,19.17,19.65,18.57,19.29,3
10-Dec-10,19.29,18.6,18.56,18.57,1100
13-Dec-10,18.57,19,18.51,19,525
14-Dec-10,19,18.25,18.2,18.2,4975
15-Dec-10,18.2,18.5,17.71,17.79,600
20-Dec-10,17.79,18.48,18.48,18.48,10
21-Dec-10,18.48,18.01,18,18,450100
22-Dec-10,18,18.49,18,18,504101
23-Dec-10,18,18.43,17.9,18,71001
24-Dec-10,18,18,18,18,77000
27-Dec-10,18,18.45,18,18,102
28-Dec-10,18,18.5,17.51,18.5,1159
29-Dec-10,18.5,18.4,18,18,386002
30-Dec-10,18,18.99,17.76,17.98,400201
31-Dec-10,17.98,18.91,18,18.88,23014
3-Jan-11,18.88,18.25,17.88,18.25,752
4-Jan-11,18.25,18.25,18.02,18.02,48
5-Jan-11,18.02,18.01,18,18,360
7-Jan-11,18,18,18,18,140
11-Jan-11,18,17.45,17.02,17.14,1000
12-Jan-11,17.14,17.6,17.26,17.48,400500
13-Jan-11,17.48,17.9,17.5,17.75,515000
17-Jan-11,17.75,18,18,18,3
19-Jan-11,18,17.99,17.99,17.99,0
20-Jan-11,17.99,17.94,17.1,17.94,501
24-Jan-11,17.94,17.85,17,17.85,1001
25-Jan-11,17.85,17.75,17.75,17.75,0
1-Feb-11,17.75,18,16.75,17.9,12316
2-Feb-11,17.9,18.48,16.9,18.33,18501
3-Feb-11,18.33,18.34,17.33,18.32,12050
4-Feb-11,18.32,18.23,17.46,18.2,4001
7-Feb-11,18.2,18.19,18.15,18.17,4010
8-Feb-11,18.17,17.45,17.3,17.37,500
9-Feb-11,17.37,17.9,17,17.82,11020
10-Feb-11,17.82,17.74,17.01,17.7,101
11-Feb-11,17.7,18.39,17.4,18.34,10050
14-Feb-11,18.34,17.35,17.35,18.34,200
15-Feb-11,18.34,17.7,17.34,17.37,650
17-Feb-11,17.37,17.38,16.37,17.38,12360
18-Feb-11,17.38,18.1,17.4,18.1,10000
21-Feb-11,18.1,17.9,17.5,17.52,520
23-Feb-11,17.52,16.56,16.52,16.52,1000
24-Feb-11,16.52,17.4,16.2,16.27,1553
1-Mar-11,16.27,17.27,17,17.23,6567
2-Mar-11,17.23,18.2,17.9,18.17,12050
3-Mar-11,18.17,18.9,18.4,18.46,900
4-Mar-11,18.46,19.1,18.1,18.66,5004
7-Mar-11,18.66,19.19,18,19.02,11700
8-Mar-11,19.02,18.89,18.1,18.87,4100
9-Mar-11,18.87,19.19,19,18.21,501
10-Mar-11,18.21,19.09,19.09,18.21,10
11-Mar-11,18.21,18.98,18.93,18.96,5000
14-Mar-11,18.96,18.95,17.96,18.82,11210
15-Mar-11,18.82,18.78,18,18.76,5700
17-Mar-11,18.76,17.76,17.76,18.76,150
21-Mar-11,18.76,18.5,18.5,18.76,350
22-Mar-11,18.76,18.8,17.8,18.77,5901
25-Mar-11,18.77,18.5,17.77,18.77,102
28-Mar-11,18.77,18.4,17.77,18.32,5525
29-Mar-11,18.32,18.39,17.35,18.36,6601
30-Mar-11,18.36,18.34,17.99,18.31,5000
31-Mar-11,18.31,18.4,17.31,18.37,6699
1-Apr-11,18.37,18.48,17.99,18.44,5000
6-Apr-11,18.44,17.99,17.45,17.46,599
7-Apr-11,17.46,18.39,17.98,18.33,11140
8-Apr-11,18.33,18.45,17.61,18.33,101
15-Apr-11,18.33,19.19,17.35,19.08,6885
18-Apr-11,19.08,18.95,18.08,18.47,2508
19-Apr-11,18.47,18.75,17.47,18.69,5501
20-Apr-11,18.69,18.35,17.69,18.2,1500
21-Apr-11,18.2,18.72,17.7,18.68,20700
22-Apr-11,18.68,18.59,17.68,18.5,26010
25-Apr-11,18.5,18.35,17.85,17.85,1000
26-Apr-11,17.85,18.8,17.5,17.95,2731103
27-Apr-11,17.95,18.5,17.4,18.5,1001
28-Apr-11,18.5,18.14,17.5,18.09,7886
29-Apr-11,18.09,18.24,17.5,18.17,9100
4-May-11,18.17,17.2,17.2,18.17,100
6-May-11,18.17,18.14,18.14,18.14,0
11-May-11,18.14,17.7,17.7,18.14,5
13-May-11,18.14,17.75,17.75,18.14,200
19-May-11,18.14,18,17.14,17.94,6995
20-May-11,17.94,17.99,17.05,17.97,4002
23-May-11,17.97,17,17,17.97,1
24-May-11,17.97,17.9,17.9,17.97,1
25-May-11,17.97,17.5,17.11,17.11,600
26-May-11,17.11,17.4,16.5,16.5,1000
27-May-11,16.2,17.2,17,17.18,12100
30-May-11,17.18,18,17.6,18,2000
31-May-11,18,18.9,18.1,18.95,16611
1-Jun-11,18.95,18.98,18.01,18.59,2001
2-Jun-11,18.59,19,18,19,21500
3-Jun-11,19,19,18.3,18.54,1851
6-Jun-11,18.54,18.26,17.7,18.14,501
8-Jun-11,18.14,17.99,17.99,17.99,500
9-Jun-11,17.99,17.5,17.15,17.16,1501
10-Jun-11,17.16,17.99,16.8,17.99,21000
13-Jun-11,17.99,17.5,17.1,17.5,1750
15-Jun-11,17.5,16.7,16.65,16.65,999
16-Jun-11,16.65,17.65,17,17.27,2350
17-Jun-11,17.27,17.5,17.49,17.5,1260
20-Jun-11,17.5,17,16.5,17,7673
21-Jun-11,17,17.99,16.25,16.87,14006
22-Jun-11,16.87,17.4,16.25,17,5326
23-Jun-11,17,17.25,16.05,17,14478
24-Jun-11,17,17,16.01,16.84,4709
27-Jun-11,16.84,17.8,16.01,17.05,4102
28-Jun-11,17.05,18.05,17.25,18.05,8828
29-Jun-11,18.05,19.05,18.8,19.05,4755
30-Jun-11,19.05,20.05,19.5,19.98,22922
1-Jul-11,19.98,20.9,19.1,19.1,1001
4-Jul-11,19.1,19,18.9,19,1000
5-Jul-11,19,19.95,19.95,19,1
6-Jul-11,19,19.98,18.5,18.51,502
7-Jul-11,18.51,18.2,18.2,18.51,275
8-Jul-11,18.51,19.47,19.47,18.51,1
13-Jul-11,18.51,19.4,17.57,17.94,6050
14-Jul-11,17.94,17.51,17.5,17.51,500
15-Jul-11,17.51,16.9,16.51,16.53,1556
18-Jul-11,16.53,16.6,16,16,1000
19-Jul-11,16,16.99,15.5,16.16,1033
20-Jul-11,16.16,16.92,16.5,16.16,2
22-Jul-11,16.16,16.1,15.46,15.46,501
25-Jul-11,15.46,16,16,15.46,449
26-Jul-11,15.46,15.5,14.51,15.01,799
27-Jul-11,15.01,15,15,15,999
28-Jul-11,15,15.25,15,15,210
3-Aug-11,15,15,15,15,200
9-Aug-11,15,15.2,15.2,15.2,1000
11-Aug-11,15.2,15.95,15.95,15.95,700
12-Aug-11,15.95,15.75,15.75,15.75,1000
16-Aug-11,15.75,16.1,16.1,15.75,462
17-Aug-11,15.75,16.7,15.5,16.65,2962
18-Aug-11,16.65,16.95,15.8,16.95,4000
19-Aug-11,16.95,17.1,17.1,17.1,1500
22-Aug-11,17.1,17.5,16.1,17.32,1500
24-Aug-11,17.32,17.9,17.9,17.32,1
6-Sep-11,17.32,17.8,16.32,17.32,2
7-Sep-11,17.32,17.89,17.89,17.32,1
9-Sep-11,17.32,16.35,16.35,17.32,200
12-Sep-11,17.32,16.32,16.32,17.32,300
13-Sep-11,17.32,17.9,17.9,17.32,1
21-Sep-11,17.32,17,17,17,500
23-Sep-11,17,17.49,16,17.49,700
28-Sep-11,17.49,16.5,16.5,17.49,33
29-Sep-11,17.49,16.98,16.5,16.5,501
30-Sep-11,16.5,17.5,16.99,17.4,10169
3-Oct-11,17.4,17.48,17.48,17.4,3
5-Oct-11,17.4,17,16.51,16.51,1000
6-Oct-11,16.51,17.43,17.43,16.51,1
10-Oct-11,16.51,17,17,16.51,28
11-Oct-11,16.51,16.5,15.6,15.6,800
26-Oct-11,15.6,15.5,14.6,15.5,3
14-Nov-11,15.5,16.4,16,16,600
15-Nov-11,16,15,15,16,2
28-Nov-11,16,15,15,16,147
30-Nov-11,16,16.25,16.25,16,1
1-Dec-11,16,17,15,16.84,11270
2-Dec-11,16.84,17.74,15.9,16.7,2354
8-Dec-11,16.7,17.5,17.24,17.45,3000
9-Dec-11,17.45,18.3,16.61,18.23,4054
12-Dec-11,18.23,18.88,17.31,18.49,7251
13-Dec-11,18.49,18.98,17.51,18.79,5125
14-Dec-11,18.79,19.4,17.8,19.2,9770
15-Dec-11,19.2,18.99,18.21,18.94,3602
16-Dec-11,18.94,18.92,18.06,18.92,2510
19-Dec-11,18.92,19,18.98,19,107331
20-Dec-11,19,19.75,19.49,19.75,71994
21-Dec-11,19.75,20.5,20,20.5,5400
22-Dec-11,20.5,21.5,20.5,21.5,5650
23-Dec-11,21.5,22.25,22,22.01,3855
26-Dec-11,22.01,23.1,22.99,23.02,2325
27-Dec-11,23.02,24.14,24,24.01,11150
28-Dec-11,24.01,24.01,24,24,2500
29-Dec-11,24,24,23.3,23.3,12010
30-Dec-11,23.3,23.99,23.75,23.75,5150
4-Jan-12,23.75,23.5,23.5,23.5,0
5-Jan-12,23.5,22.35,22.35,22.35,500
9-Jan-12,22.35,21.25,21.25,22.35,100
10-Jan-12,22.35,22.12,22.12,22.12,0
11-Jan-12,22.12,21.69,21.69,21.69,0
12-Jan-12,21.69,20.61,20.61,20.61,0
13-Jan-12,20.61,19.58,19.58,20.61,50
18-Jan-12,20.61,19.58,19.58,20.61,100
23-Jan-12,20.61,19.6,19.58,19.6,590
24-Jan-12,19.6,18.61,18.6,18.61,503
25-Jan-12,18.61,18,17.61,18.61,400
26-Jan-12,18.61,19.61,18,18.68,2300
27-Jan-12,18.68,18.51,18.5,18.68,450
30-Jan-12,18.68,18.1,18.1,18.1,500
1-Feb-12,18.1,19.09,19,19,2800
2-Feb-12,19,20,20,19,4
3-Feb-12,19,19,19,19,500
6-Feb-12,19,19.25,19.25,19,25
7-Feb-12,19,19,19,19,400
8-Feb-12,19,19,18.5,19,101
13-Feb-12,19,19,19,19,500
15-Feb-12,19,19,18.5,19,3063
16-Feb-12,19,19,19,19,500
20-Feb-12,19,19,18,18,501
21-Feb-12,18,18,18,18,500
22-Feb-12,18,19,18,18.36,1724
23-Feb-12,18.36,17.51,17.5,17.5,500
27-Feb-12,17.5,18.5,16.51,18.5,750
28-Feb-12,18.5,18,18,18,500
29-Feb-12,18,18.24,17,18.13,1000
1-Mar-12,18.13,18.95,17.2,18.95,10000
2-Mar-12,18.95,17.96,17.96,18.95,100
5-Mar-12,18.95,18.6,17.95,18.6,4070
8-Mar-12,18.6,18.25,17.6,18,1609
9-Mar-12,18,18.25,18,18,1010
13-Mar-12,18,17.45,17,17.21,2400
14-Mar-12,17.21,17,17,17,2500
16-Mar-12,17,16.7,16.7,17,250
19-Mar-12,17,18,17.9,17,110
20-Mar-12,17,17.9,17.9,17,1
26-Mar-12,17,18,18,18,5346
27-Mar-12,18,19,18.5,19,14250
28-Mar-12,19,20,19,19.81,14746
29-Mar-12,19.81,20.79,19.01,20.64,15400
30-Mar-12,20.64,21.67,19.7,21.64,3410
2-Apr-12,21.64,20.65,20.65,20.65,500
3-Apr-12,20.65,19.8,19.62,19.64,1125
5-Apr-12,19.64,19,19,19,500
6-Apr-12,19,18.9,18.55,18.9,1876125
9-Apr-12,18.9,18.88,18.88,18.88,0
10-Apr-12,18.88,18.26,18.26,18.88,99
11-Apr-12,18.88,19,18.26,18.85,2050
12-Apr-12,18.85,19.35,17.85,18,1507
16-Apr-12,18,18.33,17.65,17.79,801
17-Apr-12,17.79,18.25,17.75,17.79,12
18-Apr-12,17.79,18.66,18.18,18.25,1222
20-Apr-12,18.25,18.25,18.25,18.25,1221
23-Apr-12,18.25,18,17.26,17.54,1400
24-Apr-12,17.54,18,17.71,17.94,625
25-Apr-12,17.94,18.25,17.72,18,510
27-Apr-12,18,18.18,18.15,18.17,1000
30-Apr-12,18.17,17.25,17.25,17.25,500
2-May-12,17.25,18,17.5,17.25,400
3-May-12,17.25,17.51,17.5,17.51,649
4-May-12,17.51,17.9,17.77,17.9,1000
7-May-12,17.9,18.9,18.12,18.9,4208
8-May-12,18.9,19.9,19.9,19.9,2299
9-May-12,19.9,20.9,20.9,20.9,3127
10-May-12,20.9,21.94,21.94,21.94,2918
11-May-12,21.94,23.03,22,23.03,6188
14-May-12,23.03,23.05,23.05,23.05,1600
15-May-12,23.05,23.05,23.05,23.05,4750
16-May-12,23.05,23.05,22,22.5,2410
17-May-12,22.5,22.75,22,22.75,2000
18-May-12,22.75,23.5,22.5,23,2700
21-May-12,23,22.8,22.8,22.8,1000
22-May-12,22.8,23,22.8,22.8,1000
23-May-12,22.8,23,23,23,2500
24-May-12,23,24,23,23.5,3177
25-May-12,23.5,23,22.33,23,1500
28-May-12,23,23,23,23,700
29-May-12,23,23,23,23,500
30-May-12,23,23,23,23,1000
31-May-12,23,23.5,23,23,683
1-Jun-12,23,24.15,21.85,23,11804
4-Jun-12,23,24,21.87,23,3052
6-Jun-12,23,24,23,23.41,1850
7-Jun-12,23.41,23.5,23,23,1002
20-Jun-12,23,22.46,21.85,22.46,1
22-Jun-12,22.46,21.35,21.35,21.35,0
26-Jun-12,21.35,22.41,20.29,20.4,12995
28-Jun-12,20.4,21.2,21.2,20.4,1
29-Jun-12,20.4,21.28,21,21.03,1900
12-Jul-12,21.03,20,20,20,6750
13-Jul-12,20,19.05,19.05,20,1
19-Jul-12,20,19.06,19,19.02,500
23-Jul-12,19.02,19.15,19.15,19.15,500
25-Jul-12,19.15,18.15,18.15,18.15,500
1-Aug-12,18.15,18.15,18.15,18.15,500
2-Aug-12,18.15,17.16,17.16,17.16,500
30-Aug-12,17.16,18,17.5,18,1000
31-Aug-12,18,17.49,17,17.07,2500
4-Sep-12,17.07,17,16.16,17,1000
10-Sep-12,17,16.21,16.2,16.2,1000
11-Sep-12,16.2,17.15,17.15,17.15,2000
12-Sep-12,17.15,18.14,18.1,18.14,3000
19-Sep-12,18.14,18.8,18,18.8,1500
20-Sep-12,18.8,18.89,18,18.89,1500
24-Sep-12,18.89,19.89,19.8,19.89,5000
27-Sep-12,19.89,20.5,18.9,20.5,2000
28-Sep-12,20.5,20.98,20.98,20.98,1000
3-Oct-12,20.98,19.94,19.94,19.94,1000
8-Oct-12,19.94,18.95,18.95,18.95,500
12-Oct-12,18.95,17.95,17.95,17.95,500
15-Oct-12,17.95,16.95,16.95,16.95,500
17-Oct-12,16.95,17.95,17.45,17.6,3000
18-Oct-12,17.6,18.6,18.6,18.6,1000
19-Oct-12,18.6,19.6,19.6,19.6,1500
22-Oct-12,19.6,19.6,19.6,19.6,500
24-Oct-12,19.6,19.25,18.6,18.6,1000
30-Oct-12,18.6,19.6,19,19,1000
1-Nov-12,19,19.95,18,19.95,1000
8-Nov-12,19.95,19.63,19.63,19.63,0
12-Nov-12,19.63,19.53,19.53,19.53,0
13-Nov-12,19.53,19.5,19.5,19.5,0
14-Nov-12,19.5,19.44,19.44,19.44,0
16-Nov-12,19.44,18.99,18.99,18.99,1500
20-Nov-12,18.99,19.9,17.99,19.9,1500
21-Nov-12,19.9,19.5,18.9,19,7000
22-Nov-12,19,19.91,18.2,19.91,4000
26-Nov-12,19.91,20,19,20,1000
28-Nov-12,20,20.15,20.15,20,500
29-Nov-12,20,20,20,20,1000
3-Dec-12,20,20.5,19.2,20.25,1500
6-Dec-12,20.25,21.26,19.6,21.25,8500
7-Dec-12,21.25,22.31,22.31,22.31,3500
11-Dec-12,22.31,23,22,23,1500
12-Dec-12,23,24,23,23.9,3500
13-Dec-12,23.9,24.71,22.71,24.71,1500
14-Dec-12,24.71,24.25,23.5,24.25,1500
17-Dec-12,24.25,25.46,24,25.46,5500
18-Dec-12,25.46,26,26,26,2500
20-Dec-12,26,25.1,25.1,25.1,500
24-Dec-12,25.1,25,25,25,0
26-Dec-12,25,25,25,25,1000
28-Dec-12,25,25,25,25,1000
31-Dec-12,25,25.02,25,25,1500
2-Jan-13,25,25,25,25,1000
8-Jan-13,25,25,25,25,500
10-Jan-13,25,25,25,25,1000
11-Jan-13,25,25,25,25,500
29-Jan-13,25,25,23.75,25,3000
30-Jan-13,25,25,25,25,500
31-Jan-13,25,26,24,24,1000
1-Feb-13,24,25,25,25,500
20-Feb-13,25,24.95,24.95,24.95,0
1-Mar-13,24.95,26.19,24.9,26.19,5000
4-Mar-13,26.19,25.06,24.95,25,2500
6-Mar-13,25,26.25,23.75,26.25,7500
7-Mar-13,26.25,27.56,25.01,27.48,5000
8-Mar-13,27.48,28.85,28,28,4500
15-Mar-13,28,27.98,27.98,27.98,0
3-Apr-13,27.98,27.91,27.91,27.91,0
5-Apr-13,27.91,27.8,27.8,27.8,0
17-Apr-13,27.8,27.31,27.31,27.31,0
18-Apr-13,27.31,27.18,27.18,27.18,0
19-Apr-13,27.18,26.79,26.79,26.79,0
22-Apr-13,26.79,26.57,26.57,26.57,0
23-Apr-13,26.57,26.21,26.21,26.21,0
24-Apr-13,26.21,26,24.91,24.91,1000
25-Apr-13,24.91,23.7,23.7,23.7,500
29-Apr-13,23.7,23.7,22.71,22.71,1500
2-May-13,22.71,23.84,21.58,23.05,5000
3-May-13,23.05,24.2,22.11,24.2,3500
6-May-13,24.2,25.41,25.41,25.41,3000
7-May-13,25.41,26.68,26.68,26.68,500
8-May-13,26.68,28.01,27.99,28.01,6000
9-May-13,28.01,29.4,26.85,28.8,2000
17-May-13,28.8,29,29,29,500
20-May-13,29,28,27.55,27.95,1500
22-May-13,27.95,26.6,26.6,26.6,500
29-May-13,26.6,27.9,25.27,27.41,4000
3-Jun-13,27.41,26.04,26.04,26.04,500
4-Jun-13,26.04,24.74,24.74,24.74,1000
5-Jun-13,24.74,25.97,25.97,25.97,1000
7-Jun-13,25.97,27.26,25,26.86,8500
10-Jun-13,26.86,27.75,25.52,27.75,3500
12-Jun-13,27.75,26.4,26.4,26.4,500
13-Jun-13,26.4,26,25.1,26,9500
17-Jun-13,26,26,26,26,500
18-Jun-13,26,26.75,24.7,26.42,4000
20-Jun-13,26.42,26.79,25.11,26.79,2500
21-Jun-13,26.79,28.1,25.46,27.46,14500
24-Jun-13,27.46,28.5,26.1,27.22,50000
25-Jun-13,27.22,27.99,27.95,27.96,3000
26-Jun-13,27.96,28.75,26.57,28.08,67000
27-Jun-13,28.08,28.25,26.68,27.54,118000
28-Jun-13,27.54,27.44,26.17,26.5,10000
3-Jul-13,26.5,25.18,25.18,25.18,7000
8-Jul-13,25.18,26.4,25.3,25.3,2000
9-Jul-13,25.3,25.85,24.55,25.85,1500
11-Jul-13,25.85,25.65,24.56,24.56,1500
19-Jul-13,24.56,25,23.51,25,1500
23-Jul-13,25,24.85,23.76,23.76,1000
30-Jul-13,23.76,22.6,22.6,22.6,500
6-Aug-13,22.6,23.7,23,23.48,2000
7-Aug-13,23.48,24.6,24.6,24.6,500
12-Aug-13,24.6,25.8,25.8,25.8,500
13-Aug-13,25.8,26.24,24.7,24.75,1500
4-Sep-13,24.75,25.25,25.25,25.25,1500
10-Sep-13,25.25,25.5,23.99,25.5,1500
17-Sep-13,25.5,26.15,26.15,25.5,1000
23-Sep-13,25.5,26.38,24.23,24.3,2000
24-Sep-13,24.3,23.1,23.1,23.1,500
26-Sep-13,23.1,24.19,21.95,24.19,2000
27-Sep-13,24.19,25.29,24,25.29,1500
1-Oct-13,25.29,25.89,25,25.4,6000
2-Oct-13,24.9,25.79,24.99,25.79,2000
29-Oct-13,25.79,25.75,25.75,25.75,0
30-Oct-13,25.75,26,24.47,26,2000
12-Nov-13,26.64,26.64,26.64,26.64,500
13-Nov-13,26.64,26.64,26.64,26.64,500
2-Dec-13,25.31,25.31,25.31,25.31,500
3-Dec-13,26.64,24.36,24.36,24.36,0
4-Dec-13,23.15,25,23.15,25,5500
5-Dec-13,24.36,25,25,25,5000
6-Dec-13,23.75,25.98,23.75,24.94,14000
9-Dec-13,24.01,25.35,24.01,25.06,3500
10-Dec-13,24.25,25,24.25,24.84,3000
11-Dec-13,25,25,25,25,500
12-Dec-13,24.01,24.98,24.01,24.97,1500
18-Dec-13,24.11,24.11,24.11,24.11,500
19-Dec-13,24.1,24.12,24.1,24.12,1000
20-Dec-13,24.8,24.8,23.5,24.8,1500
26-Dec-13,24.01,25.85,24.01,25.05,2000
27-Dec-13,24.8,24.99,24.99,24.99,0
2-Jan-14,24.01,24.98,24.01,24.98,1000
7-Jan-14,24.05,24.99,24.05,24.99,1000
9-Jan-14,24.08,24.74,24.08,24.74,1000
13-Jan-14,24.01,24.01,24.01,24.01,1000
15-Jan-14,24.99,25,24.99,25,1000
16-Jan-14,24.25,25.38,24.25,25.38,1000
17-Jan-14,24.3,24.99,24.15,24.99,4000
21-Jan-14,24.2,24.2,24.2,24.2,3000
22-Jan-14,24.2,25.4,24.2,24.99,5000
28-Jan-14,23.76,26.23,23.76,25.99,2500
29-Jan-14,25.48,25.5,25.48,25.5,1000
31-Jan-14,24.23,26.77,24.23,25.63,1500
3-Feb-14,25.5,25.5,25,25,5500
6-Feb-14,25,25,25,25,1000
11-Feb-14,23.75,24.98,23.75,24.98,1000
13-Feb-14,25.5,25.5,23.75,24.31,4500
14-Feb-14,23.1,25.5,23.1,25.25,5500
18-Feb-14,24,25.98,24,25.34,4500
19-Feb-14,24.26,25.9,24.08,24.92,6000
21-Feb-14,24.15,26.15,24.15,25.28,6500
24-Feb-14,24.3,26.5,24.3,26.5,1000
27-Feb-14,25.28,26.07,26.07,26.07,0
3-Mar-14,24.85,24.85,24.85,24.85,1000
11-Mar-14,23.71,25,23.71,25,2000
12-Mar-14,24.1,25,24.1,25,1000
13-Mar-14,24.1,25.5,24.1,25.16,2000
14-Mar-14,25.99,26.4,24.1,25.55,6000
18-Mar-14,24.35,25.45,24.35,25,12000
20-Mar-14,24.16,25.3,24.16,25.15,1500
21-Mar-14,24.5,25.24,24.5,25.22,21000
25-Mar-14,23.96,24.7,23.96,24.55,2500
26-Mar-14,24.21,24.21,24.21,24.21,500
27-Mar-14,24.94,24.99,24.94,24.96,4500
28-Mar-14,24,26,24,25.5,2000
31-Mar-14,24.96,25.49,25.49,25.5,4000
1-Apr-14,24.3,25,24.3,25,1500
2-Apr-14,25,25,25,25,1000
3-Apr-14,24.15,24.85,24,24.8,4500
7-Apr-14,24,24.99,24,24.69,4000
8-Apr-14,24.26,24.93,24.26,24.92,2500
9-Apr-14,24.8,24.8,24.8,24.8,500
11-Apr-14,25,25.68,24.11,25.34,12500
14-Apr-14,24.21,24.99,24.21,24.99,1000
15-Apr-14,24.16,24.98,24.16,24.98,1000
17-Apr-14,0,24.88,24.88,24.98,6000
18-Apr-14,0,24.96,24.96,24.98,3000
21-Apr-14,24.11,25.27,24.11,25.27,3500
22-Apr-14,25.26,25.26,25.26,25.26,500
24-Apr-14,0,26.15,26.15,25.26,2000
29-Apr-14,24.99,25,24.01,24.75,2500
30-Apr-14,24.05,24.94,24.05,24.94,1500
2-May-14,24.12,24.12,24.1,24.1,3000
5-May-14,23.5,25.25,23.1,24.51,303500
6-May-14,25.73,25.73,24.5,25,15500
16-May-14,24.01,24.95,24.01,24.95,1000
21-May-14,24.03,24.9,24.03,24.7,1500
22-May-14,24.5,24.5,24.5,24.5,2500
27-May-14,24.5,24.99,24.5,24.5,3500
28-May-14,24.5,24.5,24.5,24.5,1000
30-May-14,24.48,24.5,24.48,24.5,2000
2-Jun-14,24.55,24.6,24.51,24.51,226000
3-Jun-14,24.5,24.5,24.5,24.5,500
9-Jun-14,24.5,24.5,24,24.3,13000
11-Jun-14,25.45,25.5,23.75,24.21,19000
12-Jun-14,24.05,24.9,24,24.5,38500
13-Jun-14,24.01,24.47,24,24,15000
16-Jun-14,23.11,24.7,22.81,24.7,11000
17-Jun-14,23.71,24,23.47,23.99,8500
18-Jun-14,24,25.18,24,24.56,10000
19-Jun-14,24,24.85,24,24.81,41000
20-Jun-14,0,24,24,24.81,500
23-Jun-14,24,24,24,24,500
26-Jun-14,23.9,24.95,23.9,24,11500
27-Jun-14,24,25,24,25,152500
30-Jun-14,25.49,25.9,23.8,25.54,27000
1-Jul-14,25,25,25,25,1000
4-Jul-14,24.1,24.9,24.1,24.7,2000
8-Jul-14,24,24.95,24,24.95,1000
9-Jul-14,24.06,24.74,24,24.72,6000
10-Jul-14,24.01,24.5,24,24,3000
11-Jul-14,24.78,24.78,24.78,24.78,500
14-Jul-14,23.78,25,23.78,24.79,4500
18-Jul-14,24.01,25,24,24.63,4500
23-Jul-14,24.01,24.9,24.01,24.9,1500
7-Aug-14,25.49,25.5,25.49,25.5,1000
8-Aug-14,25.5,25.5,25.5,25.5,1500
18-Aug-14,0,25.4,25.4,25.4,0
19-Aug-14,25,26.67,25,26.15,4000
20-Aug-14,25.06,26,24.99,26,4000
27-Aug-14,0,25.81,25.81,25.81,0
4-Sep-14,25.9,25.9,25.9,25.9,10000
11-Sep-14,24.61,25.65,24.61,25.65,6000
15-Sep-14,24.4,24.4,24.4,24.4,500
16-Sep-14,24.4,25.4,24.4,25.34,9000
17-Sep-14,25,25.65,24.15,24.19,6000
18-Sep-14,25.35,25.35,25.35,25.35,1000
19-Sep-14,25.98,25.99,25.5,25.74,4000
22-Sep-14,27,27,25.33,25.92,1500
23-Sep-14,25.92,25.92,25.92,25.92,1000
24-Sep-14,25.92,26.99,25.92,26.99,1000
25-Sep-14,27.25,27.25,27,27,4000
26-Sep-14,27.1,27.15,27.1,27.12,2000
29-Sep-14,27.5,28.45,27.5,28.4,4500
30-Sep-14,29.8,29.8,27.02,29.5,1500
2-Oct-14,30.4,30.4,30.4,30.4,500
3-Oct-14,29,29,28.88,28.88,1000
10-Oct-14,28,28.1,27.45,27.81,2500
13-Oct-14,25.48,28.04,25.48,27.25,19500
15-Oct-14,26.05,26.1,26.05,26.1,1000
16-Oct-14,27.34,27.4,27.34,27.4,2500
17-Oct-14,27.5,27.5,27.5,27.5,1000
21-Oct-14,27.5,27.5,27.5,27.5,1000
23-Oct-14,27.5,27.5,26.15,26.15,2000
27-Oct-14,27.44,27.45,27,27,2500
28-Oct-14,27.25,28,26.66,27.99,2000
30-Oct-14,27.4,27.4,27.4,27.4,1000
31-Oct-14,27,27,27,27,1000
5-Nov-14,28,28,28,28,500
10-Nov-14,28,29.39,28,29,21000
11-Nov-14,30.43,30.45,30.11,30.25,582000
12-Nov-14,31.76,31.76,31.25,31.5,261000
13-Nov-14,32.9,32.9,31.7,31.96,610000
17-Nov-14,30.41,30.41,30.41,30.41,500
18-Nov-14,31,31,31,31,500
19-Nov-14,29.49,29.49,29.49,29.49,3000
21-Nov-14,29,29,28.5,28.5,2500
24-Nov-14,29,29.92,29,29.92,398500
25-Nov-14,30.79,30.79,30,30,1000
26-Nov-14,30,31.39,30,30,4000
27-Nov-14,31.4,31.4,28.7,30.6,4000
1-Dec-14,30.4,30.4,29.99,30,1500
2-Dec-14,30,30.5,30,30.4,2000
3-Dec-14,30,30,30,30,500
4-Dec-14,30,31.5,30,30.5,3500
9-Dec-14,29.22,29.22,29.22,29.22,500
11-Dec-14,30.68,30.68,29.5,30.27,39000
12-Dec-14,31,31,31,31,500
15-Dec-14,29.61,30.58,29.61,30.29,1500
18-Dec-14,29.12,30,29.1,29.1,4000
19-Dec-14,29,30.2,29,30.2,2500
22-Dec-14,31.24,31.24,31.24,31.24,500
26-Dec-14,31.99,32.8,31.99,32.06,42500
29-Dec-14,32.5,32.5,32.5,32.5,2000
31-Dec-14,33,33,33,33,1000
2-Jan-15,33,33.98,33,33.75,3500
5-Jan-15,32.07,34.5,32.07,34,172500
6-Jan-15,34,34,32.9,33,4500
8-Jan-15,33,33,33,33,551500
9-Jan-15,34,34,33,33,1103500
12-Jan-15,32.5,32.5,32,32,10000
13-Jan-15,33.6,33.6,32.25,32.9,43000
15-Jan-15,34.44,34.44,33,33,4000
16-Jan-15,31.66,31.66,31.66,31.66,500
21-Jan-15,33.05,33.05,31.5,32.5,7000
29-Jan-15,30.88,31.1,30.88,31.1,1000
2-Feb-15,32.49,32.49,32.49,32.49,500
4-Feb-15,30.88,30.91,30.88,30.91,1000
6-Feb-15,31,31,30.85,30.85,6500
9-Feb-15,29.31,29.31,29.31,29.31,500
17-Feb-15,29.99,30,29.99,30,1500
18-Feb-15,28.6,28.6,28.6,28.6,500
19-Feb-15,27.21,29.99,27.21,29.99,1000
23-Feb-15,30.59,30.59,30.59,30.59,500
24-Feb-15,29.07,29.07,29.07,29.07,500
26-Feb-15,27.63,27.63,27.62,27.62,1000
27-Feb-15,26.24,27.6,26.24,26.24,5000
2-Mar-15,27.48,27.48,27.48,27.48,500
4-Mar-15,26.16,26.16,26.16,26.16,1000
6-Mar-15,25,25,25,25,6500
9-Mar-15,26,26,23.76,24.5,4500
10-Mar-15,25.1,25.72,25.1,25.48,5500
11-Mar-15,24.3,26.75,24.3,26.34,4500
17-Mar-15,0,26.33,26.33,26.33,0
18-Mar-15,26,26,26,26,500
19-Mar-15,24.71,24.71,24.71,24.71,500
20-Mar-15,25.05,25.05,25,25,4000
24-Mar-15,23.81,24.85,23.8,24.48,4000
25-Mar-15,25.63,25.7,25.5,25.7,18500
27-Mar-15,24.43,25.25,24.43,25.04,7500
1-Apr-15,25.5,26.29,25.5,26.08,4000
6-Apr-15,27.3,27.3,27.3,27.3,1000
10-Apr-15,28.54,28.66,25.95,28.11,6500
21-Apr-15,26.72,27,26.72,27,1000
24-Apr-15,27.4,27.4,27.4,27.4,500
28-Apr-15,27.99,27.99,27,27,1000
30-Apr-15,25.72,28.33,25.72,28.33,1500
4-May-15,28.5,29,28.5,28.93,5000
7-May-15,29.5,29.77,29.5,29.68,5500
18-May-15,0,29.49,29.49,29.68,2000
19-May-15,29.68,29,29,29,1500
20-May-15,28.4,28.4,28.4,28.4,500
22-May-15,28.4,29.82,28.4,28.5,2500
25-May-15,27.08,29,27.08,27.08,3500
26-May-15,27.08,28.3,25.73,28.27,2000
1-Jun-15,0,28,28,28.27,4000
2-Jun-15,0,28.98,28.98,28.27,2000
3-Jun-15,0,29.35,29.35,28.27,2000
4-Jun-15,26.92,28.5,26.92,28.5,1500
8-Jun-15,0,29.49,29.49,28.5,2000
9-Jun-15,28.1,28.1,28.1,28.1,500
10-Jun-15,27.51,28.45,27.51,27.51,4000
12-Jun-15,28.3,28.3,28.3,28.3,500
17-Jun-15,28.36,28.9,28.36,28.36,22000
19-Jun-15,29,29,29,29,3500
26-Jun-15,29.7,30.25,28.5,30.25,6000
1-Jul-15,29,29.1,29,29.1,1000
2-Jul-15,29.6,30,29.6,30,6500
3-Jul-15,31,31,30,30.08,11000
7-Jul-15,30,31.45,30,31.4,21500
8-Jul-15,30.5,30.51,30.5,30.51,1000
9-Jul-15,31.5,32.03,30.5,30.5,3500
10-Jul-15,31,32.02,31,31.05,4000
13-Jul-15,32,32,32,32,500
14-Jul-15,30.75,31.9,30.5,30.65,6000
15-Jul-15,31.01,31.5,31,31.5,10500
16-Jul-15,31.55,31.55,31.5,31.5,3000
23-Jul-15,31,31,31,31,1000
27-Jul-15,31,31,29.5,31,2500
29-Jul-15,31,31,31,31,2500
31-Jul-15,30,30,30,30,500
4-Aug-15,31,31.5,30,30,23000
5-Aug-15,30,30,29.5,29.5,10000
6-Aug-15,28.52,29,28.52,29,11000
10-Aug-15,30,30,29,29,4500
12-Aug-15,0,29.49,29.49,29,1000
13-Aug-15,28.95,28.95,28.95,28.95,500
17-Aug-15,29,29,28.3,28.3,5000
18-Aug-15,28.1,28.1,28.1,28.1,500
19-Aug-15,27.01,27.01,27.01,27.01,500
21-Aug-15,26.25,26.25,26.25,26.25,2000
24-Aug-15,25.5,25.5,25.5,25.5,500
25-Aug-15,26,26,26,26,500
26-Aug-15,27.29,27.3,27.29,27.3,2000
1-Sep-15,28.65,28.65,28.65,28.65,500
10-Sep-15,27.22,28.5,27.22,28.5,6000
14-Sep-15,29,29,29,29,500
16-Sep-15,30,30,28.5,28.5,1000
17-Sep-15,29.9,29.9,27.1,27.1,7500
18-Sep-15,26.6,26.8,26.6,26.68,3000
21-Sep-15,27.85,27.85,27,27,3000
23-Sep-15,27,27.94,27,27,10000
28-Sep-15,28.35,28.35,28.35,27,1000
29-Sep-15,28.29,28.29,28.29,28.29,1000
1-Oct-15,26.88,27,26.88,26.88,5000
5-Oct-15,27,27,27,27,2500
6-Oct-15,28.24,28.24,27,27,19500
7-Oct-15,27,27,27,27,12500
8-Oct-15,25,25,25,25,1000
9-Oct-15,26,26.25,26,26.25,11500
12-Oct-15,26.25,26.25,26.25,26.25,7000
13-Oct-15,27.5,27.56,26.9,26.9,5500
14-Oct-15,26,26,26,26,7000
16-Oct-15,25.1,25.1,25.01,25.01,5500
19-Oct-15,26.26,26.26,24.42,26.2,2000
20-Oct-15,24.9,24.9,24.9,24.9,500
22-Oct-15,26.13,26.13,26.13,26.13,500
26-Oct-15,26.79,26.8,26.79,26.79,1000
28-Oct-15,27.59,27.59,27.59,27.59,500
29-Oct-15,26.23,27,26.22,27,14000
2-Nov-15,25.65,25.65,25.65,25.65,500
3-Nov-15,25.64,26.75,24.75,26.27,7500
4-Nov-15,26,27,25.25,26.66,5000
5-Nov-15,26,26,26,26,500
6-Nov-15,0,0,0,26,0
9-Nov-15,25.05,25.05,25,25,1500
10-Nov-15,24.92,25,24.81,24.99,5500
11-Nov-15,26,26,26,26,1000
12-Nov-15,25,25,25,25,2000
13-Nov-15,26,26,26,26,1000
16-Nov-15,24.81,24.81,24.7,24.74,9500
17-Nov-15,25.49,25.49,25.49,25.49,1000
18-Nov-15,0,0,0,25.49,0
19-Nov-15,0,0,0,25.49,0
20-Nov-15,25,25.8,25,25.57,2500
23-Nov-15,25,25,24.3,24.3,8500
24-Nov-15,23.5,23.5,23.09,23.09,16000
25-Nov-15,22.1,22.5,21.94,22.5,19500
26-Nov-15,0,21.38,21.38,22.5,100000
27-Nov-15,23.31,23.31,23.31,23.31,1000
30-Nov-15,0,0,0,23.31,0
1-Dec-15,22.25,22.25,22.15,22.15,2000
2-Dec-15,21.11,22.99,21.11,22.99,1000
3-Dec-15,23.9,23.9,23.9,23.9,500
4-Dec-15,0,0,0,23.9,0
7-Dec-15,22.72,23.01,22.72,23.01,1000
8-Dec-15,23.1,23.1,22.7,22.7,1000
9-Dec-15,23.48,23.48,23.48,23.48,500
10-Dec-15,23.85,24.65,23.85,24.32,4000
11-Dec-15,0,0,0,24.32,0
14-Dec-15,0,0,0,24.32,0
15-Dec-15,0,0,0,24.32,0
16-Dec-15,24.75,24.75,24.75,24.75,500
17-Dec-15,0,0,0,24.75,0
18-Dec-15,25.4,25.4,23.66,23.67,2000
21-Dec-15,0,0,0,23.67,0
22-Dec-15,0,0,0,23.67,0
23-Dec-15,22.62,24.7,22.62,24.7,1500
28-Dec-15,0,0,0,24.7,0
29-Dec-15,0,0,0,24.7,0
30-Dec-15,24.01,25.93,23.5,25.84,12500
31-Dec-15,26.74,26.9,24.6,25.89,11000
1-Jan-16,0,0,0,25.89,0
4-Jan-16,0,0,0,25.89,0
5-Jan-16,24.63,25.5,24.63,25.5,2500
6-Jan-16,0,0,0,25.5,0
7-Jan-16,24.76,25.65,24.6,25.65,4500
8-Jan-16,24.66,24.99,24.37,24.37,7000
9-Jan-16,24.66,24.99,24.37,24.37,7000
10-Jan-16,24.66,24.99,24.37,24.37,7000
11-Jan-16,23.31,23.35,23.16,23.16,8000
12-Jan-16,22.15,23,22.05,22.15,19500
13-Jan-16,0,0,0,22.15,0
14-Jan-16,21.2,21.2,21.2,21.2,1000
15-Jan-16,20.3,20.3,20.14,20.14,2500
18-Jan-16,19.16,21.14,19.16,21.14,2500
19-Jan-16,21.14,22,21.14,22,4000
20-Jan-16,22.5,23.1,22.06,22.06,11500
21-Jan-16,0,0,0,22.06,0
22-Jan-16,22.01,22.5,21.6,21.6,2000
25-Jan-16,22,22,22,22,500
26-Jan-16,22.35,22.5,22.35,22.5,2000
27-Jan-16,0,0,0,22.5,0
28-Jan-16,23,23,23,23,500
29-Jan-16,0,0,0,23,0
1-Feb-16,22.1,23.9,22.1,23.3,7000
2-Feb-16,23.9,23.9,23.8,23.8,1500
3-Feb-16,0,0,0,23.8,0
4-Feb-16,23.25,24.99,22.61,24.99,16000
8-Feb-16,0,26.18,26.18,26.18,0
9-Feb-16,27.4,27.48,26.99,27,150500
10-Feb-16,26.21,26.99,26.21,26.99,3500
11-Feb-16,26.1,26.1,25.65,25.75,5500
12-Feb-16,25.11,25.11,24.47,24.55,89500
15-Feb-16,25.25,25.25,25.25,25.25,500
16-Feb-16,25.01,25.01,24,24.02,15500
17-Feb-16,24,24,22.82,22.83,43000
18-Feb-16,23.1,23.97,23.1,23.97,32000
19-Feb-16,24.9,24.9,23.6,23.6,1000
22-Feb-16,23.6,23.62,23.6,23.62,2500
23-Feb-16,23.06,23.06,23.05,23.05,1000
24-Feb-16,24,24,24,24,500
25-Feb-16,24.8,24.9,23,23.25,21000
26-Feb-16,23.5,23.99,23.49,23.55,5000
29-Feb-16,23.5,23.5,23.5,23.5,500
1-Mar-16,23.5,23.5,22.33,22.57,41000
2-Mar-16,22.81,23.69,22.8,23.69,40500
3-Mar-16,23.99,24.49,23.99,24.41,13000
4-Mar-16,24.12,24.5,24,24,4500
7-Mar-16,24.99,25.54,24.7,25.01,37000
8-Mar-16,25.2,26.09,25.11,26,12500
9-Mar-16,26.5,26.5,25.5,25.5,20500
10-Mar-16,25.6,26.5,25.6,26.5,19000
11-Mar-16,26.25,26.9,26,26.31,24500
14-Mar-16,26.2,26.2,26,26.2,6000
15-Mar-16,26,26.2,25.99,26.2,11000
16-Mar-16,26.5,27.1,26.5,26.58,19500
17-Mar-16,0,0,0,26.58,0
18-Mar-16,26.98,27,26.98,26.99,2000
21-Mar-16,26.99,26.99,25.65,26.75,7000
22-Mar-16,27,27,26.5,26.5,1000
24-Mar-16,0,0,0,26.5,0
25-Mar-16,26.89,26.89,26.89,26.89,1000
28-Mar-16,27.75,28.23,27.5,28,29500
29-Mar-16,28.25,28.25,27.8,27.8,4000
30-Mar-16,27.79,28,27.65,27.9,5000
31-Mar-16,27.05,27.05,27.05,27.05,500
1-Apr-16,27,28.38,27,28.32,2000
4-Apr-16,28.4,28.7,28.2,28.23,9500
5-Apr-16,28.3,28.5,28,28,12500
6-Apr-16,28.11,28.11,28.11,28.11,500
7-Apr-16,28.2,28.2,28.13,28.13,2000
8-Apr-16,28.2,29,28.2,28.2,4500
11-Apr-16,28.12,28.12,27.1,27.1,4000
12-Apr-16,28,28,27,27,12500
13-Apr-16,27,27,27,27,500
14-Apr-16,27.99,28.35,27.99,28,10000
15-Apr-16,28,28,27.8,27.8,1500
18-Apr-16,27,27,26.76,26.86,7500
19-Apr-16,27.49,28.2,27.49,28.2,13000
20-Apr-16,28.98,29.58,28.5,28.5,21000
21-Apr-16,28,29.25,28,28.26,13500
22-Apr-16,28.8,28.8,28.1,28.1,4000
25-Apr-16,27.5,29.5,27.5,29.5,34000
26-Apr-16,29.01,30.9,29,30.1,88500
27-Apr-16,29.5,29.5,29.3,29.44,11500
28-Apr-16,29.99,29.99,29.5,29.5,3500
29-Apr-16,29,29,28.51,28.53,5000
2-May-16,28.8,28.8,28.8,28.8,1500
3-May-16,28.81,29,28.8,29,3500
4-May-16,29.5,30.45,29.5,30,181500
5-May-16,29.8,29.8,29.5,29.58,5500
6-May-16,29.5,29.5,29.05,29.5,2000
9-May-16,29.01,29.1,28.5,29.1,3000
10-May-16,29,29,29,29,1000
11-May-16,28.6,28.6,28.6,28.6,500
12-May-16,28.6,28.6,28.6,28.6,500
13-May-16,29,29,28.5,28.51,5000
16-May-16,28.75,28.75,28.75,28.75,500
17-May-16,28.55,28.7,28.5,28.5,4500
18-May-16,0,0,0,28.5,0
19-May-16,29,29,29,29,1000
20-May-16,0,0,0,29,0
23-May-16,29,29,29,29,1000
24-May-16,29.5,29.5,29,29,1000
25-May-16,28.5,29,28.3,29,9500
26-May-16,29,29,29,29,500
27-May-16,30,30.4,29,29,10000
30-May-16,30,30,30,30,2000
31-May-16,28.8,28.8,28.8,28.8,1500
1-Jun-16,28.05,29.3,28.05,29.3,1000
2-Jun-16,28.52,28.52,28.52,28.52,500
3-Jun-16,0,0,0,28.52,0
6-Jun-16,0,0,0,28.52,0
7-Jun-16,0,0,0,28.52,0
8-Jun-16,29.6,29.8,29.6,29.7,1000
9-Jun-16,29,29,29,29,500
10-Jun-16,0,0,0,29,0
13-Jun-16,28.5,28.5,28.45,28.45,2000
14-Jun-16,28.8,29,28.8,29,8000
15-Jun-16,29,29,29,29,500
16-Jun-16,29.45,29.5,29.45,29.5,2500
17-Jun-16,30,30,30,30,9000
20-Jun-16,0,0,0,30,0
21-Jun-16,0,0,0,30,0
22-Jun-16,29.35,29.35,29.35,29.35,500
23-Jun-16,29.5,29.5,29.5,29.5,1000
24-Jun-16,0,0,0,29.5,0
27-Jun-16,29.1,29.1,29,29,2500
28-Jun-16,27.65,28.5,27.65,28.5,1000
29-Jun-16,0,0,0,28.5,0
30-Jun-16,29.8,29.92,29.25,29.5,4500
4-Jul-16,29.5,29.5,29.5,29.5,1000
11-Jul-16,0,0,0,29.5,0
12-Jul-16,30,30,29,29,27000
13-Jul-16,28.1,28.51,28,28.35,41000
14-Jul-16,28.25,29,28.25,29,4000
15-Jul-16,0,0,0,29,0
18-Jul-16,29.5,29.5,29.1,29.1,1000
19-Jul-16,29.5,30,29,29,18000
20-Jul-16,29,29,29,29,7000
21-Jul-16,0,0,0,29,0
22-Jul-16,0,0,0,29,0
25-Jul-16,29,29,29,29,7500
26-Jul-16,29,29.4,28.97,29.1,39000
27-Jul-16,29.5,29.75,29.25,29.25,3000
28-Jul-16,29.98,29.99,29.98,29.99,1000
29-Jul-16,30,30,29.5,29.76,26500
1-Aug-16,30,30,30,30,1500
2-Aug-16,29.61,29.61,29.61,29.61,2000
3-Aug-16,29.25,29.25,29.1,29.25,2500
4-Aug-16,29.99,30.7,29.99,30,48000
5-Aug-16,30,30,29.98,29.98,11000
8-Aug-16,29.98,30,29.98,30,5000
9-Aug-16,29.99,29.99,29.99,29.99,500
10-Aug-16,29.7,30,29.7,30,2500
11-Aug-16,29.8,29.8,29,29.11,20000
12-Aug-16,29.5,29.99,29.45,29.5,12000
15-Aug-16,29.5,30.97,29.5,29.89,79000
16-Aug-16,30,31.38,30,31.29,420000
17-Aug-16,31.28,32,30.9,31.39,80000
18-Aug-16,31.15,31.15,30.51,30.58,57000
19-Aug-16,30.3,30.5,29.1,29.51,122000
22-Aug-16,30.5,30.75,29.01,30.41,57500
23-Aug-16,30.85,31.6,30.5,31.23,266000
24-Aug-16,31.5,31.9,31.1,31.72,222000
25-Aug-16,31.81,33.3,31.72,33.3,1614000
26-Aug-16,33.85,34.69,33.7,34.06,877000
29-Aug-16,35.76,35.76,34.6,35.58,2401000
30-Aug-16,35.4,35.48,34.06,34.51,422000
31-Aug-16,34.3,34.65,34,34.1,194500
1-Sep-16,34,34.2,32.9,34.05,268000
2-Sep-16,33.95,35.75,33.45,35.68,1376500
5-Sep-16,35.99,37.46,34.52,34.98,1999000
6-Sep-16,35,35.75,35,35.11,513500
7-Sep-16,35.01,35.8,34.41,34.5,1126000
8-Sep-16,35.49,35.49,33.53,33.71,457500
9-Sep-16,34.4,34.67,33.91,34.01,1349000
15-Sep-16,34.55,34.94,34.25,34.35,345500
16-Sep-16,34,34.2,33,33.17,256000
19-Sep-16,33.85,34.82,33.48,34.82,5206000
20-Sep-16,36,36.56,35,36.56,3852500
21-Sep-16,37,38.38,36.01,38.18,6952500
22-Sep-16,39,40.08,38.18,40.08,2754000
23-Sep-16,41,42,39.01,40.01,2409000
26-Sep-16,41.25,41.4,39.8,40.13,856000
27-Sep-16,40,40.21,38.7,39.05,666500
28-Sep-16,39.6,39.6,38.3,38.69,290500
29-Sep-16,39,39.5,36.76,37.91,920000
30-Sep-16,38.7,39,38,38.45,214500
3-Oct-16,38.94,39.4,38.16,38.8,456500
4-Oct-16,39.49,40.74,38.5,39.88,1347500
5-Oct-16,40.1,41.2,39.9,40.93,1731000
6-Oct-16,40.5,41.35,39.5,40.67,1502000
7-Oct-16,40.99,41.9,40.4,40.75,1709500
10-Oct-16,40.98,41,40.01,40.21,303000
13-Oct-16,40.07,40.75,38.85,39.84,678000
14-Oct-16,39.84,40,38.76,39.18,123000
17-Oct-16,38.55,39.5,38.55,38.93,504000
18-Oct-16,38.6,39.5,37.52,39.49,405500
19-Oct-16,39,40,39,39.15,359500
20-Oct-16,39.13,39.9,38.51,38.77,868000
21-Oct-16,38.95,39,38.01,38.26,197000
24-Oct-16,38.2,38.2,36.75,37.02,268000
25-Oct-16,36.5,37,35.17,35.42,818000
26-Oct-16,35.6,35.6,33.65,33.87,283500
27-Oct-16,33.02,34.25,32.18,32.2,341000
28-Oct-16,32.18,33.39,31.1,33.01,85000
31-Oct-16,32.5,33.4,32.5,33.01,119000
1-Nov-16,33.25,34.66,33.15,34.66,468000
2-Nov-16,35.99,36.39,35.9,36.39,457000
3-Nov-16,36.98,36.98,35.8,36.7,208000
4-Nov-16,36.8,36.8,35.56,35.79,106500
7-Nov-16,35.25,36.9,35.25,36.5,185000
8-Nov-16,36.5,37.39,36.5,36.81,318000
9-Nov-16,35.21,37.2,35.2,36.58,131500
10-Nov-16,37.3,37.4,35.5,36.12,679500
11-Nov-16,36,36.75,35.75,35.98,256500
14-Nov-16,36.5,36.5,34.51,34.93,344500
15-Nov-16,35,35.3,34.62,34.76,157500
16-Nov-16,34.8,35.24,34.4,34.48,256500
17-Nov-16,34.8,35,34.25,34.31,175500
18-Nov-16,34.6,35.98,34.25,34.68,347500
21-Nov-16,34.4,35.2,34.4,34.65,67000
22-Nov-16,35.38,35.38,34.4,34.46,172000
23-Nov-16,34.4,34.75,34.25,34.47,318500
24-Nov-16,34.74,35.05,34.3,34.55,616000
25-Nov-16,34.89,35.1,34.3,34.53,780000
28-Nov-16,34.75,35.15,34,34.33,328000
29-Nov-16,34.35,34.71,34.15,34.54,3995500
30-Nov-16,34.8,36.26,34.61,35.05,3313500
1-Dec-16,35.51,35.8,34.01,34.72,1186000
2-Dec-16,34.85,34.85,34.01,34.08,340500
5-Dec-16,34.4,34.93,34.02,34.12,329000
6-Dec-16,34.25,35.82,34.2,35.81,2849000
7-Dec-16,36.09,36.6,35,35.24,1273000
8-Dec-16,35.1,35.7,34.74,35.04,391000
9-Dec-16,35,36.3,34.6,35.08,1704000
13-Dec-16,35.01,35.7,34.5,34.77,493000
14-Dec-16,34.65,36.5,34.6,36.5,1029000
15-Dec-16,37.8,38.32,37.12,37.49,4197500
16-Dec-16,37.5,39.2,36.9,37.74,1253000
19-Dec-16,38,38.35,37.25,37.45,762000
20-Dec-16,37.11,38.65,37.11,37.98,1701500
21-Dec-16,38,38,36.15,36.95,1424500
22-Dec-16,37.02,37.3,36.25,36.43,186500
23-Dec-16,36.4,36.8,35.02,35.49,540500
26-Dec-16,35.89,35.89,35.22,35.37,338500
27-Dec-16,35.5,36.08,35.48,35.69,321500
28-Dec-16,36,36.44,35.7,35.84,337500
29-Dec-16,35.75,37.63,35.73,37.58,1998500
30-Dec-16,37.76,39.45,37.76,39.38,5182000
2-Jan-17,39.74,40.94,39.5,39.92,2353000
3-Jan-17,40,41.47,39.02,40.96,1452500
4-Jan-17,40.79,41.49,39.6,39.95,992500
5-Jan-17,40,40.55,39.25,39.97,779000
6-Jan-17,40,40.26,39.6,39.93,785000
9-Jan-17,39.5,40.4,39.11,39.72,512500
10-Jan-17,39.35,39.75,39.35,39.6,540500
11-Jan-17,39.5,39.7,39.25,39.32,186000
12-Jan-17,39.5,39.54,38.6,38.81,186000
13-Jan-17,38.51,39.25,38.5,38.94,606500
16-Jan-17,39,39,38,38.21,248000
17-Jan-17,38.8,39.25,38,39.09,741000
18-Jan-17,39.5,39.64,38,38.48,283500
19-Jan-17,39.1,39.3,38.55,39.01,629000
20-Jan-17,39.1,40.15,38.76,39.17,527500
23-Jan-17,39.25,39.75,37.9,38.02,888500
24-Jan-17,38.49,39.92,38.1,39.92,1718500
25-Jan-17,40.1,41.25,39.7,39.83,1280000
26-Jan-17,40.25,40.3,39,39.5,1025000
27-Jan-17,39.85,40,39,39.19,430500
30-Jan-17,39.45,39.45,37.25,37.6,391000
31-Jan-17,37.15,38,36.5,37.1,261500
1-Feb-17,38,38.5,37.7,38.4,300000
2-Feb-17,39,39.65,38.75,39.01,735500
3-Feb-17,38.6,39,38.6,38.85,189500
6-Feb-17,39,39.08,38.8,39,189000
7-Feb-17,39.25,40.5,39.25,39.86,546500
8-Feb-17,40,40.75,39.2,39.45,200500
9-Feb-17,39.65,41.42,39.25,41.4,3394000
10-Feb-17,42.65,43.47,42,43.47,5130500
13-Feb-17,43.95,44.6,41.65,42.14,2680500
14-Feb-17,42,42.7,41.02,41.7,1018500
15-Feb-17,42,43.78,39.62,41.9,10129000
16-Feb-17,43.99,43.99,43.99,43.99,164500
17-Feb-17,46.18,46.18,46.18,46.18,426500
20-Feb-17,48.48,48.48,44.8,45.55,5504500
21-Feb-17,46.49,46.7,45,45.39,1287500
22-Feb-17,45.94,46.22,43.21,44.06,1181000
23-Feb-17,43.99,45.02,43.25,44.38,580000
24-Feb-17,44.5,45.74,43.73,43.99,661500
27-Feb-17,44.34,44.55,43.15,44.01,487000
28-Feb-17,43.5,44.49,43.5,44.12,216000
1-Mar-17,44.5,45.95,44.47,45.84,560000
2-Mar-17,46.7,48.13,46.5,47.44,1646000
3-Mar-17,47.5,47.65,45.72,46.12,422000
6-Mar-17,45.85,46.4,45,45.07,342500
7-Mar-17,45.1,47.32,44.6,47.04,850500
8-Mar-17,46.97,47.75,46.2,46.52,708500
9-Mar-17,46.5,47.7,45.8,46.21,625500
10-Mar-17,45.4,46.25,45.12,45.53,179500
13-Mar-17,45.35,45.52,44.55,45.1,360500
14-Mar-17,45,45.33,44.01,45.07,396500
15-Mar-17,45.7,45.7,44.75,45.02,169500
16-Mar-17,45,46.49,44.5,46.28,676500
17-Mar-17,46.5,46.9,46.02,46.35,285500
20-Mar-17,46.4,46.51,45.5,45.8,152000
21-Mar-17,46.7,46.8,45.4,46.54,219000
22-Mar-17,46.7,47.12,46.4,46.49,502000
24-Mar-17,46.23,46.65,46.05,46.21,42000
27-Mar-17,46.99,47.1,45.51,45.6,153500
28-Mar-17,45.25,45.75,45,45.18,622500
29-Mar-17,45,45.65,44.75,44.96,94500
30-Mar-17,45,45,43.75,44.03,160500
31-Mar-17,44.5,44.8,44,44.6,100500
3-Apr-17,44.51,45,44,44.46,58000
4-Apr-17,44.45,44.65,43.8,43.99,126500
5-Apr-17,44.45,44.45,43.25,43.4,119000
6-Apr-17,43.5,45.57,43.3,45.22,257500
7-Apr-17,44.6,45.1,43.53,44.71,206500
10-Apr-17,44.1,44.9,44.1,44.75,122000
11-Apr-17,44.9,46.15,44.8,45.8,296500
12-Apr-17,45.1,46.5,45.1,45.95,137000
13-Apr-17,46.25,47.08,44.51,44.93,390000
14-Apr-17,45,45.24,44,44.23,246500
17-Apr-17,44,45.8,43.5,44.66,223000
18-Apr-17,45,46.1,44.36,45.95,487500
19-Apr-17,44.93,46.4,43.8,45.52,328500
20-Apr-17,46.68,47.7,45.5,46.95,419000
21-Apr-17,47.65,48.25,46.9,47.55,680000
24-Apr-17,48.25,49.92,48.24,49.77,2261000
25-Apr-17,51.6,51.6,50.3,50.74,1399500
26-Apr-17,50.99,51,48.6,48.96,563000
27-Apr-17,49,49.5,48.4,48.87,568500
28-Apr-17,48.52,50.19,48.52,49.06,361500
2-May-17,49.1,49.5,48.5,48.57,438000
3-May-17,49,49,47.5,47.72,159000
4-May-17,47.75,49,47.6,48.07,495500
5-May-17,47.8,49.4,47.8,48.82,437500
8-May-17,48.25,49.55,48.25,48.9,142500
9-May-17,49.1,49.5,48.21,48.5,319000
10-May-17,48.88,48.88,47.9,48,175000
11-May-17,48,48.7,48,48.15,91000
12-May-17,48.06,49,47.77,48.29,102000
15-May-17,48.8,49.45,47.92,48.12,226000
16-May-17,48.5,48.65,47.5,47.63,93000
17-May-17,48.05,48.3,47.5,47.68,377000
18-May-17,48,48.14,47.5,47.51,81500
19-May-17,48.1,48.1,46.5,46.74,117000
22-May-17,46.5,47.64,46.5,47.47,79000
23-May-17,47,47.85,47,47.73,98500
24-May-17,47.11,48.45,47.11,47.98,232500
25-May-17,47.66,48.1,47.62,48,181000
26-May-17,47.76,48.25,47.05,47.97,329500
29-May-17,46.5,47.1,46.5,47,80000
30-May-17,47.05,47.25,46.51,46.71,63000
31-May-17,47.29,47.29,45.1,45.89,118000
1-Jun-17,46,46.4,43.6,43.91,229000
2-Jun-17,43.25,44.75,41.8,43.66,69000
5-Jun-17,44.06,45.35,44,44.99,162000
6-Jun-17,45.15,45.79,44.8,45.02,143000
7-Jun-17,45.1,45.27,44.6,44.9,62000
8-Jun-17,45,45,44.5,44.67,99000
9-Jun-17,44.25,44.6,44.25,44.36,44000
12-Jun-17,43.05,43.5,42.15,42.26,87500
13-Jun-17,42.16,43,40.2,41.93,121500
14-Jun-17,42.94,42.94,41.1,41.93,95500
15-Jun-17,41,42.65,41,41.5,755000
16-Jun-17,41.01,41.25,40.31,41.01,111500
19-Jun-17,40.8,40.8,39.9,40.5,232000
20-Jun-17,39.61,39.9,38.48,38.48,1318000
21-Jun-17,38.25,39.15,36.56,38.75,1249000
22-Jun-17,39.9,40.1,39,39.97,292000
29-Jun-17,40,40,39.02,39.52,96000
30-Jun-17,39.95,40.13,39.8,39.97,77500
3-Jul-17,39.97,39.97,37.98,38.2,57500
4-Jul-17,39,39.25,38.33,39.05,127000
5-Jul-17,39.2,40,38.55,39,117000
6-Jul-17,39,39.01,38.12,38.12,10000
7-Jul-17,36.6,39,36.6,37.82,62500
10-Jul-17,37.99,39.24,37.9,39.13,34500
11-Jul-17,37.26,37.7,37.18,37.19,49000
12-Jul-17,37.99,37.99,36.85,37.05,18500
13-Jul-17,37.4,37.95,37,37.67,16000
14-Jul-17,37.5,38.05,37.5,37.97,9500
17-Jul-17,37.96,38.3,37,37.96,114500
18-Jul-17,37.8,39.85,37.8,39.07,203500
19-Jul-17,39.5,39.5,38.61,38.99,53000
20-Jul-17,39.51,39.51,38.13,38.18,29500
21-Jul-17,38,38.98,38,38.6,28000
24-Jul-17,38.21,39.2,38.21,38.53,7000
25-Jul-17,39,39.7,38.5,39.61,54500
26-Jul-17,39.5,39.5,39.15,39.15,17500
27-Jul-17,39.5,39.5,39.16,39.3,15000
28-Jul-17,37.61,39.44,37.34,38.93,115000
31-Jul-17,39.89,40.4,39.13,39.29,188500
1-Aug-17,38.75,40,38.75,39.88,76500
2-Aug-17,40.4,41.87,39.52,41.87,232000
3-Aug-17,42.13,42.85,41.8,42.68,128000
4-Aug-17,42.6,42.89,42,42.28,72000
7-Aug-17,42,42.25,40.5,40.9,78000
8-Aug-17,40.6,40.9,40,40,83000
9-Aug-17,39.41,40,39.36,39.95,120500
10-Aug-17,39.65,40.25,39.1,39.26,164000
11-Aug-17,39.03,39.5,38.8,39,222500
15-Aug-17,38.01,38.8,37.05,37.07,148500
16-Aug-17,38,38.4,36.8,36.84,153000
17-Aug-17,37,37.25,36.22,36.56,113500
18-Aug-17,36,38.38,36,38.36,124000
21-Aug-17,40,40,36.45,36.47,933500
22-Aug-17,35.2,35.5,34.65,34.65,1300000
23-Aug-17,34.25,35.35,33.7,33.94,971000
24-Aug-17,34.1,35.35,33.15,33.49,565500
25-Aug-17,33.11,34.17,32.75,33.77,114500
28-Aug-17,33.75,34,33,33.15,59500
29-Aug-17,33,33.48,31.5,31.68,292500
30-Aug-17,31.95,32.58,31.75,31.98,169500
31-Aug-17,31.56,32.72,31.5,32.15,198000
5-Sep-17,32.4,33.19,32.01,32.98,126000
6-Sep-17,33.53,33.53,32.11,32.2,109500
7-Sep-17,30.5,30.5,28.86,28.98,191500
8-Sep-17,28.51,29.89,28.51,29.63,110500
11-Sep-17,29.3,29.7,28.55,29.2,15000
12-Sep-17,28.75,29.35,28.75,29.04,17000
13-Sep-17,29.48,29.5,28.9,29.01,61500
14-Sep-17,29.05,29.5,29,29.11,74000
15-Sep-17,29.55,29.75,28.9,28.93,37500
18-Sep-17,29.05,29.49,28.95,28.97,40000
19-Sep-17,29,29.35,29,29.06,160500
20-Sep-17,29,29.7,28.82,29.22,158000
21-Sep-17,29.35,29.58,28.9,28.99,133500
22-Sep-17,28.9,29,28.64,28.78,188000
25-Sep-17,28.6,28.95,27.8,27.94,114000
26-Sep-17,28,28,27.12,27.29,47500
27-Sep-17,27.8,27.8,25.93,26.04,430500
28-Sep-17,26,26.19,25.42,25.53,744000
29-Sep-17,25.99,26.1,25.6,25.7,203000
2-Oct-17,26.15,26.15,25.55,25.6,156500
3-Oct-17,26.13,26.13,24.5,24.56,142000
4-Oct-17,24.75,24.75,23.34,23.35,564500
5-Oct-17,23.64,23.64,22.19,22.19,1568500
6-Oct-17,22.3,23.29,22.1,23.29,1551500
9-Oct-17,23.01,23.7,22.62,23.27,462500
10-Oct-17,22.8,23.01,22.4,22.66,205000
11-Oct-17,22.75,23.7,22.3,23.26,729000
12-Oct-17,22.75,23.25,22.1,22.44,119000
13-Oct-17,22.4,22.4,21.55,21.95,208000
16-Oct-17,22.48,23.04,22.48,23.02,450000
17-Oct-17,22.5,23.5,22.4,23.01,307500
18-Oct-17,23,23.47,22.5,23.02,223000
19-Oct-17,23.25,23.88,23,23.75,231000
20-Oct-17,24,24.54,23.5,24.41,253000
23-Oct-17,24.17,24.47,23.56,23.75,120000
24-Oct-17,23.5,23.5,22.99,23.4,205500
25-Oct-17,23.31,23.85,23.25,23.55,29500
26-Oct-17,23.86,23.86,23.25,23.45,61000
27-Oct-17,23.26,23.6,23,23.4,105500
30-Oct-17,23.01,23.35,22.6,22.71,84500
31-Oct-17,22.1,22.99,22.1,22.15,37500
1-Nov-17,22.75,23,22.2,22.37,109000
2-Nov-17,22.6,22.8,22,22.19,137000
3-Nov-17,22.19,22.99,22,22.7,84500
6-Nov-17,22.5,22.75,22.4,22.46,20000
7-Nov-17,22.5,22.6,22.32,22.32,25500
8-Nov-17,22.21,22.7,22.21,22.49,18500
9-Nov-17,22.73,23.1,22.51,22.77,77000
10-Nov-17,22.55,22.9,22.51,22.61,20500
13-Nov-17,22.31,23,22.15,22.28,81500
14-Nov-17,22.5,22.7,22.49,22.64,38500
15-Nov-17,22.46,22.75,22.4,22.45,23500
16-Nov-17,22.32,22.6,22.25,22.57,7000
17-Nov-17,22.5,22.5,22.25,22.25,16000
20-Nov-17,22.15,22.25,21.8,21.95,32000
21-Nov-17,21.96,22.2,21.7,21.89,20500
22-Nov-17,22.25,22.3,21.75,22.29,8500
23-Nov-17,22.4,22.4,22,22.03,37500
24-Nov-17,22.37,22.5,21.9,22.3,42000
27-Nov-17,22.45,22.45,21.63,21.82,26000
28-Nov-17,22.15,22.2,21.5,21.85,21000
29-Nov-17,21.5,21.83,21.16,21.42,56500
30-Nov-17,21.5,21.8,21.25,21.28,57000
4-Dec-17,21.5,21.58,21.2,21.3,10000
5-Dec-17,21.45,21.98,21.3,21.8,533000
6-Dec-17,21.5,21.9,21.5,21.8,12000
7-Dec-17,21.4,21.99,21.01,21.14,41000
8-Dec-17,21.7,21.7,21,21.15,28000
11-Dec-17,21,21,20.1,20.1,96000
12-Dec-17,19.75,20.48,19.5,19.92,64000
13-Dec-17,20,20.5,20,20.5,15000
14-Dec-17,20,20,19.48,19.52,16500
15-Dec-17,19.95,19.95,19.52,19.7,13000
18-Dec-17,19.9,19.95,19.3,19.41,6500
19-Dec-17,19.41,19.41,18.9,19.01,84000
20-Dec-17,19.1,19.1,18.6,18.65,48000
21-Dec-17,18.5,19.25,18.4,19.2,35000
22-Dec-17,19.49,20.2,19.49,20.2,97000
26-Dec-17,20.49,21.21,20.2,21.05,242000
27-Dec-17,20.23,21.79,20.23,21.61,320500
28-Dec-17,21.7,21.7,21.22,21.47,1391000
29-Dec-17,21.6,22.54,21.6,22,1858500
1-Jan-18,21.89,21.9,21.02,21.58,90500
2-Jan-18,21.3,22.65,21.15,22.65,511500
3-Jan-18,22.99,23.24,22.11,22.32,124000
4-Jan-18,22.59,22.75,22.1,22.45,58500
5-Jan-18,22.5,23.57,22.4,23.39,450500
8-Jan-18,23.92,24.55,23.5,23.74,447000
9-Jan-18,23.61,23.61,23,23.43,159500
10-Jan-18,23.5,24.5,23.11,23.69,891000
11-Jan-18,23.55,23.8,23,23.13,291500
12-Jan-18,23.06,23.06,22.3,22.68,140500
15-Jan-18,22.06,22.5,22,22.01,41000
16-Jan-18,22.5,22.9,22.4,22.4,111500
17-Jan-18,22.7,22.88,22.51,22.85,33000
18-Jan-18,23.2,23.35,22.6,22.99,115500
19-Jan-18,22.55,23.89,22.55,23.78,376000
22-Jan-18,24,24.96,23.99,24.96,1093500
23-Jan-18,25.35,25.4,24.6,25.05,322000
24-Jan-18,25.29,26.3,25.26,26.16,891000
25-Jan-18,26.95,26.95,25.71,25.79,105000
26-Jan-18,26,26,25,25.46,89000
29-Jan-18,25.16,25.49,25,25.07,70000
30-Jan-18,25,25,24.5,24.56,49000
31-Jan-18,24.5,25,24.25,24.31,92500
1-Feb-18,24.94,25.11,24.4,24.54,227000
2-Feb-18,24.69,25.76,24.69,25.28,674500
6-Feb-18,25,25.85,24.11,25.24,274500
7-Feb-18,25.8,25.8,24.96,25,232000
8-Feb-18,25.43,25.43,24.5,24.66,168000
9-Feb-18,24.5,24.95,24.25,24.7,89500
12-Feb-18,24.8,25.4,23.47,23.77,1132500
13-Feb-18,24.5,24.95,24.1,24.93,878000
14-Feb-18,24.75,25.05,23.96,24.4,264000
15-Feb-18,24.4,24.4,23.59,23.69,72500
16-Feb-18,23.8,24.09,23.6,24,35500
19-Feb-18,23.51,24,23.5,23.54,245000
20-Feb-18,23.5,23.88,23.02,23.62,173500
21-Feb-18,24.35,24.4,23.41,23.44,131500
22-Feb-18,23.5,23.65,23.15,23.55,153500
23-Feb-18,23.51,23.75,23.1,23.46,48000
26-Feb-18,23.5,23.5,22.95,23,98000
27-Feb-18,22.91,23.4,22.91,23.19,33500
28-Feb-18,23.4,23.4,23.08,23.1,22000
1-Mar-18,23.4,24.15,23.4,23.66,334500
2-Mar-18,23.84,24.12,23.61,23.75,121000
5-Mar-18,23.61,24.15,23.4,23.55,110500
6-Mar-18,23.89,24.25,23.7,23.8,95000
7-Mar-18,23.71,23.99,23.4,23.53,47500
8-Mar-18,23.4,23.5,23.2,23.21,55000
9-Mar-18,23.3,23.3,22.91,23.01,79000
12-Mar-18,22.8,23.2,22.76,23.01,69000
13-Mar-18,23.25,23.67,23.1,23.17,90500
14-Mar-18,23.01,23.22,23,23.03,47500
15-Mar-18,23.1,23.2,22.9,23.05,45500
16-Mar-18,23.49,23.5,23,23.08,35000
19-Mar-18,23.19,23.5,22.5,22.72,101500
20-Mar-18,22.9,23.85,22.76,23.72,432500
21-Mar-18,23.32,24,23.32,23.55,148500
22-Mar-18,23.6,24.72,23.25,24.71,758000
26-Mar-18,24.75,24.8,24.41,24.54,128000
27-Mar-18,24.16,25.25,24.16,24.7,286500
28-Mar-18,24.51,25.05,24.5,25.04,50500
29-Mar-18,24.99,25.65,24.9,25.03,524500
30-Mar-18,24.76,25.19,24.41,24.56,92000
2-Apr-18,25,25.78,25,25.78,630500
3-Apr-18,26.2,26.2,25.36,25.5,162500
4-Apr-18,25.4,25.8,25,25.11,248000
5-Apr-18,25.19,25.5,25,25.2,110500
6-Apr-18,25.79,25.79,24.7,24.76,271500
9-Apr-18,24.95,25.7,24.95,25.16,215500
10-Apr-18,25.49,25.49,25,25.41,99000
11-Apr-18,25.12,25.74,25.12,25.25,102500
12-Apr-18,25.11,25.4,25.1,25.11,226000
13-Apr-18,25.35,25.37,24.5,24.62,186000
16-Apr-18,24.52,24.7,24.35,24.44,39500
17-Apr-18,24.45,24.7,24.3,24.5,68500
18-Apr-18,24.65,24.87,24,24.07,238500
19-Apr-18,23.9,24.25,23.45,23.77,66000
20-Apr-18,23.51,23.9,23.36,23.66,31000
23-Apr-18,23.6,23.95,23.5,23.6,153000
24-Apr-18,23.8,24.4,23.75,24.09,288500
25-Apr-18,23.6,24.5,23.6,24,198500
26-Apr-18,24.1,24.1,23.8,23.94,46000
27-Apr-18,23.8,24,23.6,23.82,20000
30-Apr-18,23.65,24,23.6,23.71,29000
2-May-18,23.7,23.98,23.6,23.78,5500
3-May-18,23.5,23.6,23.3,23.37,54000
4-May-18,23.49,23.5,23,23.06,35500
7-May-18,23.5,23.5,23.18,23.32,15500
8-May-18,23.04,23.19,22.9,23.11,26500
9-May-18,22.31,23.36,22.31,22.36,124000
10-May-18,22.22,23.35,22.2,22.55,56500
11-May-18,22.21,23.23,22.06,22.32,239000
14-May-18,21.8,22.4,21.75,21.82,1083000
15-May-18,22.39,22.45,21.5,22.06,1204500
16-May-18,22,22,21.55,21.71,30500
17-May-18,21.76,21.81,21.6,21.63,41000
18-May-18,21.5,21.51,21,21.27,39500
21-May-18,21.49,21.75,21.35,21.69,19000
22-May-18,21.95,22.49,21.91,22.49,33000
23-May-18,22.11,22.2,21.8,21.92,17500
24-May-18,21.85,22.4,21.7,21.75,28500
25-May-18,21.65,21.75,21.6,21.74,79500
28-May-18,21.84,22,21.84,21.91,14500
29-May-18,21.76,22.35,21.7,22.35,25500
30-May-18,22.39,22.4,22,22.1,58500
31-May-18,22.06,22.45,22,22.08,12500
1-Jun-18,22.25,22.25,22.25,22.25,500
4-Jun-18,22.44,22.59,22.15,22.25,59500
5-Jun-18,22.49,22.95,22.4,22.8,38500
6-Jun-18,22.98,23.3,22.64,23.25,28000
7-Jun-18,23.35,23.75,22.9,23,29000
11-Jun-18,23,23.39,22.65,22.75,3500
12-Jun-18,22.12,22.5,22,22.04,7000
13-Jun-18,22.16,22.16,22.16,22.16,1000
14-Jun-18,22.49,22.51,22.49,22.5,5000
19-Jun-18,22.99,23,22.6,22.88,8500
20-Jun-18,22.55,22.72,22.45,22.5,5000
21-Jun-18,22.44,22.44,22.11,22.11,8000
22-Jun-18,21.71,22.39,21.6,21.69,9000
25-Jun-18,21.4,21.4,20.8,21.35,13000
26-Jun-18,21.49,21.5,21,21.12,12500
27-Jun-18,21,21.75,21,21.14,114500
28-Jun-18,21.4,22.19,21.4,22,104000
29-Jun-18,21.6,22.35,20.9,21.72,584000
2-Jul-18,21.55,21.55,21,21.01,61500
3-Jul-18,20.7,21.19,20.7,21.15,41000
4-Jul-18,20.71,20.72,20.15,20.5,25500
5-Jul-18,20.93,21,20.2,20.5,17000
6-Jul-18,20.5,20.5,20.22,20.4,52000
9-Jul-18,20.01,20.01,19.61,19.9,41000
10-Jul-18,19.17,19.76,19.11,19.62,57500
11-Jul-18,19.59,20.3,19.32,19.78,84000
12-Jul-18,19.12,19.53,19.05,19.5,45500
13-Jul-18,19.6,19.6,19,19.09,125000
16-Jul-18,19,19,18.71,18.79,32500
17-Jul-18,19,19.5,18.6,19.23,54000
18-Jul-18,19.5,19.95,19.45,19.9,172500
19-Jul-18,19.96,20.75,19.8,20.39,201000
20-Jul-18,20.2,20.2,19.45,19.64,78500
23-Jul-18,19.75,19.9,19.25,19.38,48500
24-Jul-18,19.9,20.38,19.51,20.25,70500
26-Jul-18,20.22,20.7,20.2,20.56,61500
27-Jul-18,20.6,21.58,20.6,21.58,171500
30-Jul-18,21.99,22.65,21.99,22.59,212500
31-Jul-18,22.81,23.14,21.61,22.27,178500
1-Aug-18,22.25,22.75,22.01,22.62,30500
2-Aug-18,22.79,22.79,22,22.21,88500
3-Aug-18,22.7,22.7,21.8,22.08,28500
6-Aug-18,22.49,22.49,22,22.35,9000
7-Aug-18,22.2,23.15,22.1,22.79,128000
8-Aug-18,23,23,22.5,22.51,96500
9-Aug-18,21.91,22.8,21.9,22.67,178000
10-Aug-18,22.99,23,22.55,22.67,51500
13-Aug-18,22.51,22.75,22,22.55,39500
15-Aug-18,22.61,22.61,21.43,21.43,137000
16-Aug-18,21.3,21.3,20.36,20.36,148000
17-Aug-18,20.5,21.01,19.35,19.95,461000
20-Aug-18,20.5,20.5,20.07,20.11,41500
24-Aug-18,20.33,20.35,19.9,19.96,66500
27-Aug-18,20,20,19.75,19.97,44000
28-Aug-18,19.86,20.15,19.75,19.94,127000
29-Aug-18,19.72,19.95,19.61,19.74,34500
30-Aug-18,19.51,19.87,19.1,19.77,32500
31-Aug-18,19.55,19.75,19.45,19.5,163000
3-Sep-18,19.65,19.65,19.1,19.26,62500
4-Sep-18,19.6,19.8,19.5,19.71,175000
5-Sep-18,19.56,19.69,19,19.26,65000
6-Sep-18,19.62,19.8,19.3,19.5,233500
7-Sep-18,19.5,19.8,18.8,18.97,119500
10-Sep-18,19,19.25,18.84,19.11,50000
11-Sep-18,19.75,19.91,19.2,19.48,89500
12-Sep-18,19.31,19.5,19.02,19.15,31000
13-Sep-18,19.1,20.1,18.75,19.72,160000
14-Sep-18,19.65,19.99,18.8,18.91,858500
17-Sep-18,19.33,19.35,18.5,18.63,125000
18-Sep-18,18.4,19.44,18.4,19.39,393500
19-Sep-18,19.49,19.7,19.11,19.38,74000
24-Sep-18,19.21,19.21,18.61,18.7,39500
25-Sep-18,18.9,19,18.7,18.86,36000
26-Sep-18,18.89,18.89,18.4,18.4,132500
27-Sep-18,18.25,18.99,18.03,18.51,55000
28-Sep-18,18.36,18.69,18,18.13,106000
1-Oct-18,18.01,18.01,17.5,17.78,69000
2-Oct-18,18.15,18.3,17.9,18.15,191500
3-Oct-18,18.1,18.29,17.65,17.93,760000
4-Oct-18,17,17.45,15.71,15.99,484000
5-Oct-18,16.65,16.65,14.99,14.99,438500
8-Oct-18,14.5,14.7,13.99,13.99,205500
9-Oct-18,13.35,14.35,12.99,12.99,1235000
10-Oct-18,12.5,13.45,12.2,12.74,314500
11-Oct-18,12.8,13.34,12.5,12.57,208500
12-Oct-18,12.9,12.91,12.2,12.25,71500
15-Oct-18,12.19,12.4,11.4,12.31,95500
16-Oct-18,12.6,12.75,12,12,165500
17-Oct-18,12.43,13,12.43,12.55,658500
18-Oct-18,12.89,13.55,12.85,13.55,903500
19-Oct-18,13.99,14.55,13.4,14.55,543000
22-Oct-18,14.7,15.55,14.7,15.2,370500
23-Oct-18,15.39,15.39,14.2,14.45,260500
24-Oct-18,14.9,15.45,14.9,15.45,562500
25-Oct-18,15.79,16.28,15.2,15.38,608500
26-Oct-18,15.55,16,14.85,15.83,307500
29-Oct-18,16.33,16.83,16.33,16.83,666000
30-Oct-18,17.11,17.25,16.3,16.44,164500
31-Oct-18,16.1,16.9,15.9,16.4,202500
1-Nov-18,16.25,16.8,15.81,16.5,99500
2-Nov-18,16.35,17.15,16.31,16.73,260500
5-Nov-18,16.7,16.72,15.92,16.08,130000
6-Nov-18,15.9,15.9,15.52,15.6,65000
7-Nov-18,16.05,16.5,15.5,16.09,106000
8-Nov-18,15.82,16.2,15.8,15.88,42500
9-Nov-18,16.18,16.29,16,16.01,66500
12-Nov-18,15.6,15.9,15.2,15.41,121500
13-Nov-18,15.23,15.5,15.2,15.33,37500
14-Nov-18,15.2,16,15.2,15.74,122500
15-Nov-18,15.81,16.5,15.81,16.02,257500
16-Nov-18,15.9,16.25,15.65,15.71,116500
19-Nov-18,15.75,15.9,15.75,15.81,58500
20-Nov-18,15.88,15.95,15.65,15.72,44000
22-Nov-18,15.9,16.05,15.66,15.66,71000
23-Nov-18,15.9,15.95,15.8,15.83,65000
26-Nov-18,15.95,16.25,15.75,15.76,185500
27-Nov-18,15.41,16,15.41,15.8,61000
28-Nov-18,15.77,15.77,15.51,15.59,37500
29-Nov-18,15.6,15.6,15.45,15.5,35000
30-Nov-18,15.31,15.31,14.76,14.99,65500
3-Dec-18,14.3,14.6,14.3,14.44,33000
4-Dec-18,14.4,15,14.3,14.86,131500
5-Dec-18,14.55,15.15,14.3,14.75,149500
6-Dec-18,15.15,15.25,14.65,14.69,68500
7-Dec-18,14.5,15.1,14.5,15,242500
10-Dec-18,15.1,15.4,14.99,15.05,140000
11-Dec-18,15.25,15.25,14.9,14.96,59000
12-Dec-18,14.61,14.89,14.5,14.74,44000
13-Dec-18,14.3,14.79,14.3,14.3,7500
14-Dec-18,14.5,14.85,14.2,14.4,58000
17-Dec-18,14.4,14.4,14,14.05,10500
18-Dec-18,14.35,14.5,14,14.04,71500
19-Dec-18,14,14.4,14,14.16,34500
20-Dec-18,14.2,14.4,14.2,14.25,48500
21-Dec-18,14.1,14.3,14.1,14.3,6500
24-Dec-18,14,14.15,13.7,14.15,11000
26-Dec-18,14.1,14.1,14.1,14.1,2000
27-Dec-18,13.95,14,13.85,13.85,10000
28-Dec-18,13.61,13.61,13.31,13.31,24000
31-Dec-18,13.02,13.69,13.02,13.3,4606000
1-Jan-19,13.65,13.85,13.52,13.8,27000
2-Jan-19,13.85,13.95,13.5,13.51,31500
3-Jan-19,13.55,13.55,13.45,13.5,17000
4-Jan-19,13.5,13.77,13.5,13.5,14500
7-Jan-19,13.8,13.9,13.6,13.7,15000
8-Jan-19,13.8,14.1,13.8,13.82,21000
9-Jan-19,13.99,14,13.7,13.95,11000
10-Jan-19,13.9,13.95,13.6,13.73,34000
11-Jan-19,13.6,13.85,13.6,13.85,41500
14-Jan-19,14.2,14.32,14.1,14.12,97500
15-Jan-19,14.2,14.25,13.86,14,22500
16-Jan-19,13.76,13.76,13.62,13.66,20000
17-Jan-19,13.75,13.75,13.61,13.7,15000
18-Jan-19,13.99,14.06,13.99,13.99,47000
21-Jan-19,13.75,13.75,13.6,13.61,22500
23-Jan-19,13.7,14,13.3,13.94,55000
24-Jan-19,14.3,14.3,13.42,13.53,65000
25-Jan-19,13.55,13.6,13.46,13.6,17500
28-Jan-19,13.95,13.99,13.65,13.69,24500
29-Jan-19,13.9,14.01,13.75,13.91,52500
30-Jan-19,14.15,14.15,13.65,13.65,34000
31-Jan-19,13.66,14,13.43,14,88000
1-Feb-19,13.99,14.15,13.7,13.77,95500
4-Feb-19,13.58,14.73,13.58,14.5,319000
6-Feb-19,14.85,15.2,14.57,14.7,312500
7-Feb-19,14.5,14.65,14.35,14.42,36500
8-Feb-19,14.5,14.5,14,14.09,113000
11-Feb-19,14.11,14.2,13.33,13.76,150000
12-Feb-19,13.7,14.2,13.5,13.87,81500
13-Feb-19,14.5,14.7,14,14.29,234000
14-Feb-19,14.01,14.2,14,14,231000
15-Feb-19,14.01,14.1,14,14.02,12000
18-Feb-19,14.3,14.3,13.9,14,23000
19-Feb-19,14.05,14.1,13.95,13.97,11000
20-Feb-19,13.57,13.88,13.5,13.86,82000
21-Feb-19,13.61,13.9,13.6,13.89,31000
22-Feb-19,13.6,13.99,13.6,13.76,45500
25-Feb-19,13.55,13.6,13.36,13.6,68000
26-Feb-19,13.4,13.65,13,13.01,131500
27-Feb-19,12.51,12.65,12.01,12.63,218000
28-Feb-19,12.5,12.9,12.5,12.8,52500
1-Mar-19,13.1,13.1,12.82,13.02,5000
4-Mar-19,12.98,12.99,12.8,12.95,15500
5-Mar-19,13.05,13.05,13.05,13.05,500
6-Mar-19,12.8,13.15,12.8,13.06,33000
7-Mar-19,13,13.2,12.95,12.95,18500
8-Mar-19,13,13,12.76,12.81,31000
11-Mar-19,12.75,12.95,12.75,12.91,4000
12-Mar-19,12.85,12.98,12.76,12.98,16000
13-Mar-19,12.98,13.08,12.83,12.91,27500
14-Mar-19,13.19,13.19,12.6,12.83,31500
15-Mar-19,12.8,12.8,12.5,12.52,13500
18-Mar-19,12.32,12.9,12.32,12.61,10500
19-Mar-19,12.65,12.65,12.51,12.53,9500
20-Mar-19,12.6,12.8,12.6,12.65,12000
21-Mar-19,12.51,12.85,12.35,12.67,35500
22-Mar-19,12.61,12.61,12.61,12.61,500
25-Mar-19,12.7,12.85,12.35,12.4,26000
26-Mar-19,12.35,12.65,12.35,12.4,2500
27-Mar-19,12.31,12.79,12.31,12.79,17500
28-Mar-19,12.5,12.5,12.42,12.42,4500
29-Mar-19,12.41,12.73,12.3,12.58,18500
1-Apr-19,12.21,12.32,12.15,12.21,34500
2-Apr-19,12.44,12.44,12.12,12.15,17000
3-Apr-19,12.1,12.2,11.15,11.75,379500
4-Apr-19,11.87,11.87,11.5,11.5,10000
5-Apr-19,11.7,12,11.5,11.67,49500
8-Apr-19,11.3,11.6,11.25,11.25,59000
9-Apr-19,11.15,11.3,10.8,11.05,183500
10-Apr-19,11.11,11.11,10.85,10.93,17000
11-Apr-19,10.9,11.1,10.75,11,94500
12-Apr-19,10.81,11.6,10.8,11.5,135000
15-Apr-19,11.5,11.8,11.4,11.8,19000
16-Apr-19,11.8,11.9,11.56,11.56,8500
17-Apr-19,11.5,11.5,11.4,11.43,7000
18-Apr-19,11.21,11.21,10.6,10.76,100000
19-Apr-19,11,11.4,11,11.01,134500
22-Apr-19,11.11,11.3,11.02,11.1,132000
23-Apr-19,11,11.09,10.71,10.78,19500
24-Apr-19,10.8,11.25,10.8,10.87,39500
25-Apr-19,11,11,10.9,11,135500
26-Apr-19,11.25,12,11.25,11.84,380500
29-Apr-19,12.25,12.4,11.45,11.56,145500
30-Apr-19,11.55,11.58,11.2,11.32,42000
2-May-19,11.45,11.45,11.44,11.45,36000
6-May-19,11.01,11.15,11.01,11.08,29500
7-May-19,11,11,11,11,1000
8-May-19,10.65,10.79,10.3,10.38,80000
9-May-19,10.65,10.75,10.37,10.52,29000
10-May-19,10.65,10.65,10.25,10.25,21000
13-May-19,10.65,10.8,9.4,9.54,96500
14-May-19,9.6,9.9,9.35,9.43,37500
15-May-19,9.89,9.89,9.4,9.49,35500
16-May-19,9.01,9.05,8.49,8.56,95000
17-May-19,8.5,8.5,7.57,7.62,123500
20-May-19,7.5,8.28,7.5,8.24,38000
21-May-19,7.7,8.7,7.7,8.64,19000
22-May-19,9,9.64,9,9.64,63500
23-May-19,9.8,10.3,9.64,10.17,113000
24-May-19,10.15,10.59,10.15,10.39,192500
27-May-19,10.35,10.6,10.1,10.33,73500
28-May-19,9.73,9.9,9.73,9.81,23000
29-May-19,10.25,10.69,10.25,10.26,16500
30-May-19,10.35,10.67,9.81,10.18,19500
3-Jun-19,10.01,10.01,9.97,9.98,7000
10-Jun-19,9.35,10.35,9.25,9.59,120500
11-Jun-19,9.7,9.9,9.35,9.71,35500
12-Jun-19,10.1,10.3,9.52,10.02,80000
13-Jun-19,10.1,10.6,10.02,10.51,39500
14-Jun-19,11.25,11.25,10.65,10.86,58500
17-Jun-19,10.01,11.05,10.01,10.49,45000
18-Jun-19,10.2,10.43,9.81,10,21000
19-Jun-19,10,10,9.65,9.9,17000
20-Jun-19,9.94,10.38,9.94,10.15,39000
21-Jun-19,10,10.1,10,10.1,6000
24-Jun-19,9.75,9.75,9.1,9.1,234500
25-Jun-19,9.05,9.1,8.9,9.1,47500
26-Jun-19,9.01,9.24,8.93,9.1,69000
27-Jun-19,9.3,9.38,9,9.1,70000
28-Jun-19,9,9.5,9,9.35,49000
1-Jul-19,9.11,9.43,9.02,9.12,26500
2-Jul-19,9.01,9.33,9,9.26,78000
3-Jul-19,9.3,9.55,9.3,9.53,82000
4-Jul-19,9.35,9.49,9.05,9.07,64000
5-Jul-19,8.8,9.09,8.75,9.09,25000
8-Jul-19,9,9,8.76,8.78,18000
9-Jul-19,9,9,8.5,8.68,37500
10-Jul-19,8.8,9,8.8,8.93,39500
11-Jul-19,8.9,9.14,8.9,9.06,28500
12-Jul-19,8.9,8.9,8.6,8.62,16500
15-Jul-19,8.6,8.6,7.9,7.98,97500
16-Jul-19,8,8.2,7.9,8.12,28500
17-Jul-19,8.2,8.5,8,8,47000
18-Jul-19,8,8,7.5,7.53,45500
19-Jul-19,7.35,7.5,6.99,7.03,336000
22-Jul-19,7.5,7.5,7.05,7.2,16500
23-Jul-19,7.1,7.39,7.05,7.2,51000
24-Jul-19,7.4,7.4,7.3,7.34,7000
25-Jul-19,6.81,7.35,6.81,7.05,26500
26-Jul-19,7,7,6.61,6.79,86000
29-Jul-19,6.7,6.8,6.7,6.8,22000
30-Jul-19,6.9,6.9,6.5,6.53,61500
31-Jul-19,6.7,6.83,6.5,6.72,71000
1-Aug-19,6.75,7.72,6.75,7.53,182000
2-Aug-19,7.2,7.39,7.11,7.26,28500
5-Aug-19,7.01,7.1,6.8,7.1,13500
6-Aug-19,7.2,7.2,6.95,7.1,5000
7-Aug-19,7,7.16,6.97,7.1,34000
8-Aug-19,7,7.36,6.91,7,23000
9-Aug-19,7,7,6.9,6.91,9500
16-Aug-19,7,7,6,6.07,192000
19-Aug-19,6.25,6.84,6.05,6.84,29500
20-Aug-19,6.95,7.09,6.81,6.87,31000
21-Aug-19,7.15,7.25,6.82,7.13,56500
22-Aug-19,7.49,7.9,6.95,7.71,162000
23-Aug-19,7.36,7.85,7.36,7.5,57500
26-Aug-19,7.5,7.5,7.02,7.08,30000
27-Aug-19,6.85,7.25,6.85,7.13,24500
28-Aug-19,7.25,7.4,7,7,161000
29-Aug-19,7.2,7.28,6.85,6.92,21000
30-Aug-19,7.15,7.2,7,7.16,35500
2-Sep-19,0,7.16,7.16,7.16,1500
3-Sep-19,7.43,7.48,7.15,7.29,13000
4-Sep-19,7.25,7.47,7.25,7.45,4500
5-Sep-19,7.49,7.62,7.02,7.14,346000
6-Sep-19,7.01,7.25,6.7,7.11,123500
11-Sep-19,7.48,8,6.86,7.22,57500
12-Sep-19,7.45,7.45,7,7.37,20000
13-Sep-19,7.39,7.39,7.05,7.15,9500
16-Sep-19,7.15,7.28,6.9,7.16,31500
17-Sep-19,7.2,7.2,7,7.05,155500
18-Sep-19,7.2,7.34,7.2,7.23,6000
19-Sep-19,7.45,7.56,7.2,7.5,67500
20-Sep-19,7.94,7.94,7.02,7.18,59000
23-Sep-19,7.35,7.38,6.8,6.85,71000
24-Sep-19,6.8,7,6.57,6.98,209500
25-Sep-19,7.24,7.24,6.91,6.93,3000
26-Sep-19,6.9,7.05,6.89,6.9,19500
27-Sep-19,6.83,7.65,6.83,7.01,18000
30-Sep-19,7.2,7.2,6.9,6.91,46000
1-Oct-19,7.15,7.3,7.07,7.22,50500
2-Oct-19,7.3,7.45,7.25,7.44,27000
3-Oct-19,7.5,7.85,7.5,7.67,75500
4-Oct-19,7.41,7.5,7.22,7.31,274500
7-Oct-19,7.31,8,7.2,7.95,1177500
8-Oct-19,8.5,8.5,7.7,7.8,83000
9-Oct-19,7.7,7.95,7.5,7.81,155000
10-Oct-19,7.66,7.9,7.65,7.8,56000
11-Oct-19,8.05,8.47,8,8.3,169500
14-Oct-19,8.5,8.98,8.32,8.45,247000
15-Oct-19,8.89,8.89,8.46,8.6,41500
16-Oct-19,8.4,9,8.4,8.76,87000
17-Oct-19,9.4,9.4,8.35,8.36,80500
18-Oct-19,8.6,8.6,8.21,8.23,14500
21-Oct-19,8,8.1,8,8,18500
22-Oct-19,8,8,7.81,7.82,13000
23-Oct-19,7.77,8,7.71,7.8,45000
24-Oct-19,7.8,8.3,7.71,7.99,41500
25-Oct-19,7.9,8,7.8,7.9,47500
28-Oct-19,7.95,8.51,7.95,8.3,84500
29-Oct-19,8.15,8.49,8.15,8.16,47000
30-Oct-19,8.3,8.33,8.1,8.1,16500
31-Oct-19,8.11,9.1,8.1,8.97,451000
1-Nov-19,8.9,9.2,8.5,8.75,222000
4-Nov-19,8.9,9.69,8.9,9.46,632500
5-Nov-19,9.51,9.85,8.55,9.45,166500
6-Nov-19,9.8,9.85,9.4,9.4,320500
7-Nov-19,9.21,9.35,9.1,9.35,40000
8-Nov-19,9.11,9.34,9,9.07,67500
11-Nov-19,9.17,9.35,9.17,9.3,52500
12-Nov-19,9.15,9.48,9.18,9.44,88500
13-Nov-19,9.21,9.44,9.18,9.44,17500
14-Nov-19,9.21,10.1,9.18,9.79,287000
15-Nov-19,9.94,10.79,9.52,10.79,1356000
18-Nov-19,10.99,11.3,10.5,10.8,170000
19-Nov-19,10.21,10.89,10.3,10.65,88500
20-Nov-19,10.5,10.5,10.1,10.14,59000
21-Nov-19,10.15,10.15,9.65,9.72,111500
22-Nov-19,9.51,10.1,9.51,10.1,23000
25-Nov-19,10.1,10.7,10.1,10.68,78500
26-Nov-19,10.9,11.68,10.3,10.6,168500
27-Nov-19,10.51,10.8,10,10.09,255500
28-Nov-19,10.01,11.09,10,10.67,692500
29-Nov-19,10.5,11.58,10.5,11,788000
2-Dec-19,11.02,12,11.01,12,1285500
3-Dec-19,12.15,12.44,11.65,11.75,276000
4-Dec-19,11.55,12.4,11.55,12.33,90500
5-Dec-19,12.8,12.8,12,12.52,236000
6-Dec-19,12.15,12.85,12.11,12.3,95500
9-Dec-19,11.6,12.4,11.6,11.86,87000
10-Dec-19,11.81,11.85,11.75,11.81,40500
11-Dec-19,11.55,11.8,11.25,11.31,290000
12-Dec-19,11.2,11.2,10.8,10.98,41500
13-Dec-19,11.15,11.2,11,11.02,19000
16-Dec-19,11,11.46,11,11.09,59000
17-Dec-19,11,12.09,10.91,12.08,1117500
18-Dec-19,12.01,12.8,11.55,12.16,105000
19-Dec-19,11.91,12.39,11.3,11.5,116500
20-Dec-19,11.5,11.99,11,11.74,155500
23-Dec-19,11.5,11.6,11.05,11.07,37000
24-Dec-19,11.32,12.07,11.2,11.5,248500
26-Dec-19,12,11.95,11.25,11.7,89000
27-Dec-19,11.5,11.65,11.2,11.44,29500
30-Dec-19,11.5,11.5,11.33,11.45,18500
31-Dec-19,11.13,11.49,11.13,11.35,4500
1-Jan-20,11.6,12.35,11.6,12.31,691000
2-Jan-20,12.8,13.2,11.95,12.05,676000
3-Jan-20,12.2,12.19,11.6,11.7,289500
6-Jan-20,11.13,11.4,10.7,10.71,437500
7-Jan-20,10.85,11.07,10.76,11,27500
8-Jan-20,10.6,10.79,10.56,10.7,58000
9-Jan-20,10.99,11.25,10.99,11.06,323500
10-Jan-20,11.24,11.48,10.9,11.03,208500
13-Jan-20,11,11.43,11,11.24,58500
14-Jan-20,11.16,11.3,11.16,11.22,56000
15-Jan-20,11.35,11.35,11,11,34000
16-Jan-20,11,11.3,11,11.1,28000
17-Jan-20,11.19,11.34,11.15,11.19,15000
20-Jan-20,11.15,11.15,10.8,11,64500
21-Jan-20,10.9,11,10.85,10.93,34500
22-Jan-20,10.98,10.98,10.81,10.9,8000
23-Jan-20,11,11.3,10.9,10.94,136000
24-Jan-20,10.94,10.95,10.9,10.94,45500
27-Jan-20,11.1,11.25,11,11,74500
28-Jan-20,11.1,11.1,10.77,11,29500
29-Jan-20,11,11.1,11,11,53000
30-Jan-20,10.8,11.25,10.8,11.14,78000
31-Jan-20,11.28,11.89,11.09,11.1,104000
3-Feb-20,11,11,10.65,10.69,21500
4-Feb-20,10.62,10.9,10.6,10.83,15500
6-Feb-20,10.62,10.79,10.41,10.45,25500
7-Feb-20,10.38,10.38,10.22,10.3,10500
10-Feb-20,10.03,10.03,9.3,9.58,107000
11-Feb-20,9.8,10,9.8,9.95,15500
12-Feb-20,9.76,10.12,9.7,10.02,9500
13-Feb-20,10.2,10.3,10,10,12500
14-Feb-20,9.81,10.24,9.81,9.95,3000
17-Feb-20,9.73,9.73,9.73,9.73,1000
19-Feb-20,10.1,10.1,10.1,10.1,1000
20-Feb-20,9.95,9.95,9.95,9.95,2500
24-Feb-20,9.6,9.6,9.25,9.37,26500
25-Feb-20,9.4,9.9,9.3,9.6,41500
26-Feb-20,9.5,9.6,9.49,9.57,8000
27-Feb-20,9.2,9.7,8.61,9.69,30500
28-Feb-20,9.99,10.15,9.5,9.63,53500
2-Mar-20,10.03,10.63,9.96,10.61,257000
3-Mar-20,10.9,11,10.01,10.07,192500
4-Mar-20,10.25,11.07,10.25,10.57,433000
5-Mar-20,10.75,11.49,10.01,11.09,643500
6-Mar-20,10.99,11.5,10.55,10.87,355000
9-Mar-20,10.03,11.1,9.87,10.94,209000
10-Mar-20,10.9,11.3,10.55,10.7,85000
11-Mar-20,10.9,11.1,10.7,10.78,42500
12-Mar-20,10.69,11.29,10.69,11.29,5500
13-Mar-20,10.3,10.65,10.29,10.53,121500
16-Mar-20,9.64,9.9,9.53,9.55,61500
17-Mar-20,8.95,9.5,8.95,9.25,69000
18-Mar-20,8.52,8.99,8.25,8.25,37500
19-Mar-20,7.25,7.69,7.25,7.37,415000
20-Mar-20,7.01,7.5,7,7.49,137500
24-Mar-20,7.2,7.2,6.49,6.53,167000
25-Mar-20,6.9,6.9,6.28,6.33,30500
26-Mar-20,6.75,6.95,6.35,6.69,88500
27-Mar-20,6.88,7.1,6.4,7.07,59500
30-Mar-20,6.95,7.6,6.95,7.45,206500
31-Mar-20,7.2,7.88,7.2,7.7,162500
1-Apr-20,7.7,8.1,7.65,8.02,90000
2-Apr-20,7.54,8.92,7.54,8.8,301000
3-Apr-20,9.1,9.48,8.86,9.12,378500
6-Apr-20,9.2,9.2,8.5,8.51,80500
7-Apr-20,8.45,8.8,8.45,8.58,132000
8-Apr-20,8.41,8.7,8.4,8.4,7000
9-Apr-20,8.8,9,8.64,8.84,76000
10-Apr-20,8.9,8.96,8.89,8.9,42500
13-Apr-20,8.5,8.6,8.49,8.49,60000
14-Apr-20,8.69,8.69,8.4,8.51,33500
15-Apr-20,8.67,9.2,8.64,8.82,14000
16-Apr-20,8.74,8.74,8.51,8.52,1500
17-Apr-20,9.49,9.52,9.21,9.52,444000
20-Apr-20,9.95,10.16,9.52,9.9,268500
21-Apr-20,9.52,9.89,9.5,9.55,91500
22-Apr-20,9.79,9.97,9.25,9.78,68000
23-Apr-20,10.15,10.15,9.47,9.59,85000
24-Apr-20,9.74,9.74,9.6,9.63,3500
27-Apr-20,9.63,9.63,9.16,9.2,129000
28-Apr-20,9.45,9.45,9.2,9.4,22000
29-Apr-20,9.25,9.45,9.15,9.39,59500
30-Apr-20,9.7,9.74,9.4,9.67,40500
4-May-20,9.49,9.5,9.35,9.49,39000
5-May-20,9.25,9.7,9.25,9.5,50500
6-May-20,9.31,9.31,9.16,9.3,46500
7-May-20,9.3,9.3,9.18,9.18,24500
8-May-20,9.12,9.25,9.01,9.25,13500
11-May-20,9.25,9.25,9.1,9.11,31000
12-May-20,9.3,9.55,9.3,9.52,85500
13-May-20,9.4,9.8,9.31,9.5,47000
14-May-20,9.5,9.68,9.2,9.44,52000
15-May-20,9.69,9.69,9.2,9.39,111000
18-May-20,9.42,9.42,9.21,9.21,22500
19-May-20,9.3,9.49,9.25,9.25,23000
20-May-20,9.45,9.46,9.18,9.35,4500
21-May-20,9.35,9.35,9.3,9.3,7000
28-May-20,9.3,9.44,9.3,9.44,8000
29-May-20,9.48,9.5,9.25,9.4,22000
1-Jun-20,9.16,9.39,9.16,9.26,40000
2-Jun-20,9.21,9.39,9.1,9.21,45000
3-Jun-20,9.11,9.25,9.01,9.03,63500
4-Jun-20,9.04,9.12,9,9.1,33000
5-Jun-20,8.91,9.1,8.91,8.96,47500
8-Jun-20,9,9.1,8.95,9.02,156500
9-Jun-20,9.02,9.02,8.5,8.54,424000
10-Jun-20,8.61,8.71,8.53,8.59,176500
11-Jun-20,8.9,9.1,8.65,9,196500
12-Jun-20,8.92,8.95,8.72,8.85,35000
15-Jun-20,8.85,8.99,8.5,8.5,96500
16-Jun-20,8.55,8.7,8.5,8.69,83000
17-Jun-20,8.52,8.85,8.4,8.48,148500
18-Jun-20,8.69,8.7,8.4,8.42,33500
19-Jun-20,8.4,8.4,8.4,8.4,3000
22-Jun-20,8.4,8.6,8.2,8.55,35000
23-Jun-20,8.55,8.55,8.4,8.48,48000
24-Jun-20,8.25,8.45,8.25,8.35,12000
25-Jun-20,8.35,8.45,8.17,8.31,9500
26-Jun-20,8.6,8.7,8.51,8.51,62500
29-Jun-20,8.15,8.5,8.15,8.49,21500
30-Jun-20,8.5,8.54,8.21,8.54,17000
1-Jul-20,8.65,8.98,8.65,8.94,359000
2-Jul-20,9.03,9.17,8.81,8.81,298500
3-Jul-20,8.65,8.88,8.62,8.7,4000
6-Jul-20,8.92,8.94,8.89,8.9,12500
7-Jul-20,8.97,9.15,8.91,9,77500
8-Jul-20,9.15,9.28,8.95,9.15,207500
9-Jul-20,9.24,9.25,9,9.15,72500
10-Jul-20,8.95,9.28,8.95,9.28,49500
13-Jul-20,9.4,10.24,9.4,9.81,400500
14-Jul-20,9.91,9.93,9.61,9.61,79000
15-Jul-20,9.7,9.75,9.6,9.62,64500
16-Jul-20,9.62,9.9,9.62,9.88,202500
17-Jul-20,10,10.1,9.7,10.01,134000
20-Jul-20,10.48,10.8,10.2,10.76,573500
21-Jul-20,10.8,11.05,10.6,10.8,273000
22-Jul-20,10.65,10.8,10.35,10.45,90500
23-Jul-20,10.49,10.5,10.2,10.24,105500
24-Jul-20,10.34,10.38,10.11,10.17,20500
27-Jul-20,10.2,10.37,10,10.26,107000
28-Jul-20,10.25,10.59,10.2,10.3,94000
29-Jul-20,10.75,10.75,10.4,10.4,59000
30-Jul-20,10.23,10.4,10.23,10.4,19500
3-Aug-20,10.79,11.29,10.55,11.07,404000
4-Aug-20,11.1,11.1,10.36,10.82,197500
5-Aug-20,10.62,11.6,10.61,11.39,542500
6-Aug-20,11.58,11.8,11.3,11.44,357000
7-Aug-20,11.65,11.74,11.25,11.38,99000
10-Aug-20,11.23,11.4,11.18,11.25,55500
11-Aug-20,11.18,11.45,11,11.11,296500
12-Aug-20,11.3,11.33,10.8,10.95,275500
13-Aug-20,10.51,10.75,10.5,10.72,89000
17-Aug-20,10.5,10.8,10.5,10.66,67500
18-Aug-20,10.66,11,10.55,10.93,102500
19-Aug-20,11,11.05,10.67,10.74,112500
20-Aug-20,10.74,10.8,10.55,10.65,81500
21-Aug-20,10.6,10.99,10.41,10.53,129000
24-Aug-20,10.89,10.89,10.4,10.59,84000
25-Aug-20,10.65,10.95,10.65,10.8,195000
26-Aug-20,10.61,10.75,10.61,10.72,14000
27-Aug-20,10.7,10.99,10.7,10.72,66000
28-Aug-20,10.75,10.81,10.7,10.81,47000
31-Aug-20,10.99,11.09,10.8,10.91,91500
1-Sep-20,10.81,11.25,10.81,11.15,270000
2-Sep-20,11.49,12.15,11.21,12.15,978500
3-Sep-20,13.15,13.15,12.98,13.15,817500
4-Sep-20,14.15,14.15,13.81,14.15,1911500
7-Sep-20,14.98,15.21,14.8,15.21,784500
8-Sep-20,16.35,16.35,15.5,16.34,1416500
9-Sep-20,17.56,17.56,16.81,17.56,3025500
10-Sep-20,18.87,18.87,18.61,18.87,602500
11-Sep-20,19.89,20.28,19.02,20.27,7458000
14-Sep-20,20.77,21.19,18.75,20.53,2952500
15-Sep-20,20.5,21.15,19.35,19.5,1478500
16-Sep-20,19.6,19.97,18.8,19.58,727000
17-Sep-20,19.95,20.5,19.4,20.06,900000
18-Sep-20,20.5,21.56,19.95,21.56,2102500
21-Sep-20,23,23.17,21.9,23.17,3173500
22-Sep-20,23.52,24.9,23.52,24.47,3340000
23-Sep-20,24.5,24.94,22.8,23.45,1883000
24-Sep-20,23.4,24.15,22.5,22.82,597500
25-Sep-20,22.16,22.7,21.7,22.23,456000
28-Sep-20,22.1,23.3,20.6,21.61,1017000
29-Sep-20,22.5,22.5,20.8,21.47,709500
30-Sep-20,21.55,22.45,20.5,20.84,434500
1-Oct-20,20.7,20.8,19.52,20.04,359000
2-Oct-20,20.04,20.1,18.56,18.9,586500
5-Oct-20,18.51,18.51,17.49,17.93,408500
6-Oct-20,18.2,18.2,17.4,18.02,65000
7-Oct-20,18.49,19.37,18.02,19.37,300500
8-Oct-20,20,20.82,20,20.82,173000
